-- MySQL dump 10.13  Distrib 5.1.67, for debian-linux-gnu (x86_64)
--
-- Host: localhost    Database: poker_stats
-- ------------------------------------------------------
-- Server version  5.1.67-0ubuntu0.10.04.1

/*!40101 SET @OLD_CHARACTER_SET_CLIENT=@@CHARACTER_SET_CLIENT */;
/*!40101 SET @OLD_CHARACTER_SET_RESULTS=@@CHARACTER_SET_RESULTS */;
/*!40101 SET @OLD_COLLATION_CONNECTION=@@COLLATION_CONNECTION */;
/*!40101 SET NAMES utf8 */;
/*!40103 SET @OLD_TIME_ZONE=@@TIME_ZONE */;
/*!40103 SET TIME_ZONE='+00:00' */;
/*!40014 SET @OLD_UNIQUE_CHECKS=@@UNIQUE_CHECKS, UNIQUE_CHECKS=0 */;
/*!40014 SET @OLD_FOREIGN_KEY_CHECKS=@@FOREIGN_KEY_CHECKS, FOREIGN_KEY_CHECKS=0 */;
/*!40101 SET @OLD_SQL_MODE=@@SQL_MODE, SQL_MODE='NO_AUTO_VALUE_ON_ZERO' */;
/*!40111 SET @OLD_SQL_NOTES=@@SQL_NOTES, SQL_NOTES=0 */;

--
-- Table structure for table `payout_structures`
--

DROP TABLE IF EXISTS `payout_structures`;
/*!40101 SET @saved_cs_client     = @@character_set_client */;
/*!40101 SET character_set_client = utf8 */;
CREATE TABLE `payout_structures` (
  `id` int(11) NOT NULL AUTO_INCREMENT,
  `min_players` int(11) DEFAULT NULL,
  `max_players` int(11) DEFAULT NULL,
  `series_ids` varchar(255) DEFAULT NULL,
  PRIMARY KEY (`id`)
) ENGINE=InnoDB AUTO_INCREMENT=25 DEFAULT CHARSET=latin1;
/*!40101 SET character_set_client = @saved_cs_client */;

--
-- Dumping data for table `payout_structures`
--

LOCK TABLES `payout_structures` WRITE;
/*!40000 ALTER TABLE `payout_structures` DISABLE KEYS */;
INSERT INTO `payout_structures` VALUES (1,3,5,'3,2'),(2,6,8,'3,2'),(3,9,9,'3,2'),(4,10,13,'3,2'),(5,14,17,'3,2'),(6,18,22,'3,2'),(7,23,26,'3,2'),(8,27,32,'3,2'),(9,3,5,'1'),(10,6,8,'1'),(11,9,9,'1'),(12,10,13,'1'),(13,14,17,'1'),(14,18,22,'1'),(15,23,26,'1'),(16,27,32,'1'),(17,3,5,'4'),(18,6,8,'4'),(19,9,9,'4'),(20,10,13,'4'),(21,14,17,'4'),(22,18,22,'4'),(23,23,26,'4'),(24,27,32,'4');
/*!40000 ALTER TABLE `payout_structures` ENABLE KEYS */;
UNLOCK TABLES;

--
-- Table structure for table `payouts`
--

DROP TABLE IF EXISTS `payouts`;
/*!40101 SET @saved_cs_client     = @@character_set_client */;
/*!40101 SET character_set_client = utf8 */;
CREATE TABLE `payouts` (
  `id` int(11) NOT NULL AUTO_INCREMENT,
  `place` int(11) DEFAULT NULL,
  `points` int(11) DEFAULT '0',
  `payout_structure_id` int(11) DEFAULT NULL,
  `percentage` int(11) NOT NULL DEFAULT '0',
  PRIMARY KEY (`id`)
) ENGINE=InnoDB AUTO_INCREMENT=397 DEFAULT CHARSET=latin1;
/*!40101 SET character_set_client = @saved_cs_client */;

--
-- Dumping data for table `payouts`
--

LOCK TABLES `payouts` WRITE;
/*!40000 ALTER TABLE `payouts` DISABLE KEYS */;
INSERT INTO `payouts` VALUES (1,1,20,1,75),(2,2,10,1,25),(3,3,5,1,0),(4,4,0,1,0),(5,5,0,1,0),(6,1,25,2,65),(7,2,12,2,35),(8,3,7,2,0),(9,4,5,2,0),(10,5,0,2,0),(11,6,0,2,0),(12,7,0,2,0),(13,8,0,2,0),(14,1,30,3,50),(15,2,14,3,30),(16,3,8,3,20),(17,4,6,3,0),(18,5,3,3,0),(19,6,0,3,0),(20,7,0,3,0),(21,8,0,3,0),(22,9,0,3,0),(23,1,35,4,50),(24,2,17,4,30),(25,3,10,4,20),(26,4,7,4,0),(27,5,5,4,0),(28,6,3,4,0),(29,7,0,4,0),(30,8,0,4,0),(31,9,0,4,0),(32,10,0,4,0),(33,11,0,4,0),(34,12,0,4,0),(35,13,0,4,0),(36,1,45,5,50),(37,2,23,5,30),(38,3,12,5,20),(39,4,8,5,0),(40,5,6,5,0),(41,6,4,5,0),(42,7,3,5,0),(43,8,3,5,0),(44,9,0,5,0),(45,10,0,5,0),(46,11,0,5,0),(47,12,0,5,0),(48,13,0,5,0),(49,14,0,5,0),(50,15,0,5,0),(51,16,0,5,0),(52,17,0,5,0),(53,1,60,6,50),(54,2,30,6,30),(55,3,15,6,20),(56,4,10,6,0),(57,5,7,6,0),(58,6,6,6,0),(59,7,3,6,0),(60,8,3,6,0),(61,9,3,6,0),(62,10,0,6,0),(63,11,0,6,0),(64,12,0,6,0),(65,13,0,6,0),(66,14,0,6,0),(67,15,0,6,0),(68,16,0,6,0),(69,17,0,6,0),(70,18,0,6,0),(71,19,0,6,0),(72,20,0,6,0),(73,21,0,6,0),(74,22,0,6,0),(75,1,70,7,50),(76,2,35,7,30),(77,3,18,7,20),(78,4,14,7,0),(79,5,10,7,0),(80,6,8,7,0),(81,7,5,7,0),(82,8,5,7,0),(83,9,4,7,0),(84,10,4,7,0),(85,11,3,7,0),(86,12,0,7,0),(87,13,0,7,0),(88,14,0,7,0),(89,15,0,7,0),(90,16,0,7,0),(91,17,0,7,0),(92,18,0,7,0),(93,19,0,7,0),(94,20,0,7,0),(95,21,0,7,0),(96,22,0,7,0),(97,23,0,7,0),(98,24,0,7,0),(99,25,0,7,0),(100,26,0,7,0),(101,1,85,8,50),(102,2,43,8,30),(103,3,21,8,20),(104,4,17,8,0),(105,5,12,8,0),(106,6,10,8,0),(107,7,6,8,0),(108,8,5,8,0),(109,9,5,8,0),(110,10,4,8,0),(111,11,3,8,0),(112,12,0,8,0),(113,13,0,8,0),(114,14,0,8,0),(115,15,0,8,0),(116,16,0,8,0),(117,17,0,8,0),(118,18,0,8,0),(119,19,0,8,0),(120,20,0,8,0),(121,21,0,8,0),(122,22,0,8,0),(123,23,0,8,0),(124,24,0,8,0),(125,25,0,8,0),(126,26,0,8,0),(127,27,0,8,0),(128,28,0,8,0),(129,29,0,8,0),(130,30,0,8,0),(131,31,0,8,0),(132,32,0,8,0),(133,1,20,9,100),(134,2,10,9,0),(135,3,5,9,0),(136,4,2,9,0),(137,5,1,9,0),(138,1,25,10,70),(139,2,12,10,30),(140,3,6,10,0),(141,4,3,10,0),(142,5,2,10,0),(143,6,1,10,0),(144,7,1,10,0),(145,8,1,10,0),(146,1,30,11,50),(147,2,14,11,30),(148,3,7,11,20),(149,4,4,11,0),(150,5,3,11,0),(151,6,2,11,0),(152,7,1,11,0),(153,8,1,11,0),(154,9,1,11,0),(155,1,35,12,50),(156,2,17,12,30),(157,3,9,12,20),(158,4,5,12,0),(159,5,4,12,0),(160,6,3,12,0),(161,7,2,12,0),(162,8,2,12,0),(163,9,2,12,0),(164,10,2,12,0),(165,11,2,12,0),(166,12,1,12,0),(167,13,1,12,0),(168,1,45,13,50),(169,2,23,13,30),(170,3,12,13,20),(171,4,6,13,0),(172,5,5,13,0),(173,6,4,13,0),(174,7,3,13,0),(175,8,3,13,0),(176,9,3,13,0),(177,10,2,13,0),(178,11,2,13,0),(179,12,2,13,0),(180,13,2,13,0),(181,14,1,13,0),(182,15,1,13,0),(183,16,1,13,0),(184,17,1,13,0),(185,1,60,14,40),(186,2,30,14,30),(187,3,15,14,20),(188,4,7,14,10),(189,5,6,14,0),(190,6,5,14,0),(191,7,4,14,0),(192,8,4,14,0),(193,9,3,14,0),(194,10,3,14,0),(195,11,2,14,0),(196,12,2,14,0),(197,13,2,14,0),(198,14,2,14,0),(199,15,2,14,0),(200,16,2,14,0),(201,17,2,14,0),(202,18,1,14,0),(203,19,1,14,0),(204,20,1,14,0),(205,21,1,14,0),(206,22,1,14,0),(207,1,70,15,40),(208,2,35,15,30),(209,3,18,15,20),(210,4,9,15,10),(211,5,7,15,0),(212,6,6,15,0),(213,7,5,15,0),(214,8,5,15,0),(215,9,4,15,0),(216,10,4,15,0),(217,11,3,15,0),(218,12,3,15,0),(219,13,2,15,0),(220,14,2,15,0),(221,15,2,15,0),(222,16,2,15,0),(223,17,2,15,0),(224,18,2,15,0),(225,19,2,15,0),(226,20,2,15,0),(227,21,2,15,0),(228,22,2,15,0),(229,23,1,15,0),(230,24,1,15,0),(231,25,1,15,0),(232,26,1,15,0),(233,1,85,16,37),(234,2,43,16,27),(235,3,21,16,18),(236,4,10,16,10),(237,5,8,16,8),(238,6,7,16,0),(239,7,6,16,0),(240,8,5,16,0),(241,9,5,16,0),(242,10,4,16,0),(243,11,3,16,0),(244,12,3,16,0),(245,13,3,16,0),(246,14,2,16,0),(247,15,2,16,0),(248,16,2,16,0),(249,17,2,16,0),(250,18,2,16,0),(251,19,2,16,0),(252,20,2,16,0),(253,21,2,16,0),(254,22,2,16,0),(255,23,2,16,0),(256,24,2,16,0),(257,25,2,16,0),(258,26,2,16,0),(259,27,1,16,0),(260,28,1,16,0),(261,29,1,16,0),(262,30,1,16,0),(263,31,1,16,0),(264,32,1,16,0),(265,1,20,17,50),(266,2,10,17,30),(267,3,5,17,20),(268,4,0,17,0),(269,5,0,17,0),(270,1,25,18,50),(271,2,12,18,30),(272,3,7,18,20),(273,4,5,18,0),(274,5,0,18,0),(275,6,0,18,0),(276,7,0,18,0),(277,8,0,18,0),(278,1,30,19,50),(279,2,14,19,30),(280,3,8,19,20),(281,4,6,19,0),(282,5,3,19,0),(283,6,0,19,0),(284,7,0,19,0),(285,8,0,19,0),(286,9,0,19,0),(287,1,35,20,50),(288,2,17,20,30),(289,3,10,20,20),(290,4,7,20,0),(291,5,5,20,0),(292,6,3,20,0),(293,7,0,20,0),(294,8,0,20,0),(295,9,0,20,0),(296,10,0,20,0),(297,11,0,20,0),(298,12,0,20,0),(299,13,0,20,0),(300,1,45,21,50),(301,2,23,21,30),(302,3,12,21,20),(303,4,8,21,0),(304,5,6,21,0),(305,6,4,21,0),(306,7,3,21,0),(307,8,3,21,0),(308,9,0,21,0),(309,10,0,21,0),(310,11,0,21,0),(311,12,0,21,0),(312,13,0,21,0),(313,14,0,21,0),(314,15,0,21,0),(315,16,0,21,0),(316,17,0,21,0),(317,1,60,22,50),(318,2,30,22,30),(319,3,15,22,20),(320,4,10,22,0),(321,5,7,22,0),(322,6,6,22,0),(323,7,3,22,0),(324,8,3,22,0),(325,9,3,22,0),(326,10,0,22,0),(327,11,0,22,0),(328,12,0,22,0),(329,13,0,22,0),(330,14,0,22,0),(331,15,0,22,0),(332,16,0,22,0),(333,17,0,22,0),(334,18,0,22,0),(335,19,0,22,0),(336,20,0,22,0),(337,21,0,22,0),(338,22,0,22,0),(339,1,70,23,50),(340,2,35,23,30),(341,3,18,23,20),(342,4,14,23,0),(343,5,10,23,0),(344,6,8,23,0),(345,7,5,23,0),(346,8,5,23,0),(347,9,4,23,0),(348,10,4,23,0),(349,11,3,23,0),(350,12,0,23,0),(351,13,0,23,0),(352,14,0,23,0),(353,15,0,23,0),(354,16,0,23,0),(355,17,0,23,0),(356,18,0,23,0),(357,19,0,23,0),(358,20,0,23,0),(359,21,0,23,0),(360,22,0,23,0),(361,23,0,23,0),(362,24,0,23,0),(363,25,0,23,0),(364,26,0,23,0),(365,1,85,24,50),(366,2,43,24,30),(367,3,21,24,20),(368,4,17,24,0),(369,5,12,24,0),(370,6,10,24,0),(371,7,6,24,0),(372,8,5,24,0),(373,9,5,24,0),(374,10,4,24,0),(375,11,3,24,0),(376,12,0,24,0),(377,13,0,24,0),(378,14,0,24,0),(379,15,0,24,0),(380,16,0,24,0),(381,17,0,24,0),(382,18,0,24,0),(383,19,0,24,0),(384,20,0,24,0),(385,21,0,24,0),(386,22,0,24,0),(387,23,0,24,0),(388,24,0,24,0),(389,25,0,24,0),(390,26,0,24,0),(391,27,0,24,0),(392,28,0,24,0),(393,29,0,24,0),(394,30,0,24,0),(395,31,0,24,0),(396,32,0,24,0);
/*!40000 ALTER TABLE `payouts` ENABLE KEYS */;
UNLOCK TABLES;

--
-- Table structure for table `player_stats`
--

DROP TABLE IF EXISTS `player_stats`;
/*!40101 SET @saved_cs_client     = @@character_set_client */;
/*!40101 SET character_set_client = utf8 */;
CREATE TABLE `player_stats` (
  `id` int(11) NOT NULL AUTO_INCREMENT,
  `series_id` int(11) DEFAULT NULL,
  `player_id` int(11) DEFAULT NULL,
  `rank` int(11) DEFAULT '0',
  `profit` decimal(8,2) DEFAULT '0.00',
  `winnings` decimal(8,2) DEFAULT '0.00',
  `roi` decimal(8,2) DEFAULT '0.00',
  `top_ten_points` int(11) DEFAULT '0',
  `total_points` int(11) DEFAULT '0',
  `avg_points` decimal(8,2) DEFAULT '0.00',
  `num_played` int(11) DEFAULT '0',
  `total_buy_ins` decimal(8,2) DEFAULT '0.00',
  `num_firsts` int(11) DEFAULT '0',
  `num_cashes` int(11) DEFAULT '0',
  `num_bounties` int(11) DEFAULT '0',
  `avg_finish` decimal(8,2) DEFAULT '0.00',
  `num_fees` int(11) DEFAULT '0',
  `total_fees` decimal(8,2) DEFAULT '0.00',
  `percent_cash` decimal(8,2) DEFAULT '0.00',
  PRIMARY KEY (`id`)
) ENGINE=InnoDB AUTO_INCREMENT=157 DEFAULT CHARSET=latin1;
/*!40101 SET character_set_client = @saved_cs_client */;

--
-- Dumping data for table `player_stats`
--

LOCK TABLES `player_stats` WRITE;
/*!40000 ALTER TABLE `player_stats` DISABLE KEYS */;
INSERT INTO `player_stats` VALUES (1,3,1,36,'-50.00','0.00','-100.00',0,0,'0.00',2,'50.00',0,0,0,'17.00',2,'10.00','0.00'),(2,3,3,4,'60.00','635.00','10.43',153,159,'6.91',23,'575.00',1,6,13,'7.70',10,'50.00','26.09'),(3,3,5,7,'-70.00','480.00','-12.73',130,130,'5.91',22,'550.00',2,2,16,'9.64',10,'50.00','9.09'),(4,3,6,19,'-50.00','250.00','-16.67',54,54,'4.50',12,'300.00',0,2,3,'9.67',10,'50.00','16.67'),(5,3,2,16,'-190.00','235.00','-44.71',72,72,'4.24',17,'425.00',1,2,15,'10.59',10,'50.00','11.76'),(6,3,8,9,'-120.00','430.00','-21.82',114,114,'5.18',22,'550.00',1,4,19,'8.41',10,'50.00','18.18'),(7,3,10,29,'-25.00','0.00','-100.00',3,3,'3.00',1,'25.00',0,0,0,'6.00',1,'5.00','0.00'),(8,3,9,28,'-25.00','0.00','-100.00',5,5,'5.00',1,'25.00',0,0,1,'5.00',1,'5.00','0.00'),(9,3,7,13,'0.00','450.00','0.00',101,101,'5.61',18,'450.00',0,5,22,'8.39',10,'50.00','27.78'),(10,3,11,8,'55.00','505.00','12.22',128,128,'7.11',18,'450.00',1,4,21,'7.67',10,'50.00','22.22'),(11,3,12,12,'-60.00','465.00','-11.43',108,108,'5.14',21,'525.00',1,4,17,'9.57',10,'50.00','19.05'),(12,3,4,21,'-150.00','150.00','-50.00',41,41,'3.42',12,'300.00',1,1,7,'12.67',10,'50.00','8.33'),(13,3,13,17,'-105.00','245.00','-30.00',71,71,'5.07',14,'350.00',1,2,14,'11.00',10,'50.00','14.29'),(14,3,14,18,'85.00','235.00','56.67',65,65,'10.83',6,'150.00',1,2,10,'8.00',6,'30.00','33.33'),(15,3,17,26,'-125.00','0.00','-100.00',13,13,'2.60',5,'125.00',0,0,3,'9.60',5,'25.00','0.00'),(16,3,18,33,'-125.00','0.00','-100.00',0,0,'0.00',5,'125.00',0,0,0,'13.60',5,'25.00','0.00'),(17,3,19,2,'400.00','825.00','94.12',204,204,'12.00',17,'425.00',2,6,26,'7.59',10,'50.00','35.29'),(18,3,16,24,'-75.00','75.00','-50.00',16,16,'2.67',6,'150.00',0,1,2,'11.50',6,'30.00','16.67'),(19,3,15,20,'-255.00','95.00','-72.86',51,51,'3.64',14,'350.00',0,1,5,'8.14',10,'50.00','7.14'),(20,3,20,6,'-180.00','345.00','-34.29',135,154,'7.33',21,'525.00',1,2,16,'6.81',10,'50.00','9.52'),(21,3,23,3,'235.00','735.00','47.00',186,206,'10.30',20,'500.00',3,5,21,'5.70',10,'50.00','25.00'),(22,3,24,1,'550.00','1100.00','100.00',251,287,'13.05',22,'550.00',4,9,23,'5.00',10,'50.00','40.91'),(23,3,22,15,'120.00','345.00','53.33',88,88,'9.78',9,'225.00',1,2,14,'7.44',9,'45.00','22.22'),(24,3,21,5,'190.00','490.00','63.33',141,141,'11.75',12,'300.00',1,4,14,'6.42',10,'50.00','33.33'),(25,3,25,22,'-110.00','140.00','-44.00',30,30,'3.00',10,'250.00',0,1,7,'12.20',10,'50.00','10.00'),(26,1,4,5,'90.00','690.00','15.00',154,176,'7.33',24,'600.00',2,6,19,'9.33',10,'50.00','25.00'),(27,1,7,1,'365.00','790.00','85.88',208,221,'13.00',17,'425.00',3,5,22,'6.76',10,'50.00','29.41'),(28,1,12,17,'-275.00','200.00','-57.89',58,75,'3.95',19,'475.00',0,3,11,'8.11',10,'50.00','15.79'),(29,1,28,9,'0.00','475.00','0.00',114,128,'6.74',19,'475.00',1,5,25,'8.53',10,'50.00','26.32'),(30,1,34,24,'-200.00','0.00','-100.00',26,26,'3.25',8,'200.00',0,0,3,'8.88',8,'40.00','0.00'),(31,1,17,12,'-330.00','295.00','-52.80',100,125,'5.00',25,'625.00',1,3,8,'9.04',10,'50.00','12.00'),(32,1,14,23,'95.00','170.00','126.67',26,26,'8.67',3,'75.00',0,2,9,'4.33',3,'15.00','66.67'),(33,1,20,11,'-150.00','400.00','-27.27',105,129,'5.86',22,'550.00',0,4,17,'8.00',10,'50.00','18.18'),(34,1,27,13,'-80.00','320.00','-20.00',98,109,'6.81',16,'400.00',1,2,11,'7.56',10,'50.00','12.50'),(35,1,2,6,'80.00','630.00','14.55',137,162,'7.36',22,'550.00',1,6,39,'7.27',10,'50.00','27.27'),(36,1,25,3,'250.00','800.00','45.45',180,206,'9.36',22,'550.00',3,7,30,'6.91',11,'55.00','31.82'),(37,1,11,18,'-225.00','150.00','-60.00',56,64,'4.27',15,'375.00',0,2,7,'8.00',10,'50.00','13.33'),(38,1,29,15,'135.00','285.00','90.00',66,66,'11.00',6,'150.00',1,2,3,'9.17',6,'30.00','33.33'),(39,1,48,39,'-25.00','0.00','-100.00',1,1,'1.00',1,'25.00',0,0,0,'14.00',0,'0.00','0.00'),(40,1,19,4,'335.00','685.00','95.71',163,168,'12.00',14,'350.00',2,5,25,'7.71',10,'50.00','35.71'),(41,1,36,27,'-75.00','0.00','-100.00',10,10,'3.33',3,'75.00',0,0,1,'7.00',3,'15.00','0.00'),(42,1,41,32,'-25.00','0.00','-100.00',4,4,'4.00',1,'25.00',0,0,0,'6.00',0,'0.00','0.00'),(43,1,26,7,'10.00','510.00','2.00',137,158,'7.90',20,'500.00',2,4,13,'7.30',10,'50.00','20.00'),(44,1,6,8,'-110.00','390.00','-22.00',128,149,'7.45',20,'500.00',2,2,10,'7.75',10,'50.00','10.00'),(45,1,30,16,'-275.00','125.00','-68.75',60,67,'4.19',16,'400.00',1,1,9,'10.75',10,'50.00','6.25'),(46,1,35,25,'-125.00','0.00','-100.00',20,20,'4.00',5,'125.00',0,0,7,'6.60',5,'25.00','0.00'),(47,1,16,26,'5.00','80.00','6.67',19,19,'6.33',3,'75.00',0,1,1,'8.00',3,'15.00','33.33'),(48,1,47,40,'-25.00','0.00','-100.00',1,1,'1.00',1,'25.00',0,0,0,'16.00',1,'5.00','0.00'),(49,1,42,35,'-25.00','0.00','-100.00',3,3,'3.00',1,'25.00',0,0,1,'9.00',1,'5.00','0.00'),(50,1,39,30,'-25.00','0.00','-100.00',5,5,'5.00',1,'25.00',0,0,0,'5.00',1,'5.00','0.00'),(51,1,44,38,'-50.00','0.00','-100.00',2,2,'1.00',2,'50.00',0,0,0,'18.00',2,'10.00','0.00'),(52,1,38,29,'-50.00','0.00','-100.00',7,7,'3.50',2,'50.00',0,0,4,'12.00',2,'10.00','0.00'),(53,1,32,21,'35.00','110.00','46.67',30,30,'10.00',3,'75.00',0,1,4,'6.33',3,'15.00','33.33'),(54,1,45,37,'-25.00','0.00','-100.00',2,2,'2.00',1,'25.00',0,0,1,'14.00',1,'5.00','0.00'),(55,1,1,31,'-25.00','0.00','-100.00',5,5,'5.00',1,'25.00',0,0,0,'6.00',1,'5.00','0.00'),(56,1,10,20,'140.00','165.00','560.00',30,30,'30.00',1,'25.00',0,1,6,'2.00',1,'5.00','100.00'),(57,1,18,14,'255.00','380.00','204.00',92,92,'18.40',5,'125.00',1,3,6,'4.40',5,'25.00','60.00'),(58,1,21,2,'450.00','775.00','138.46',185,191,'14.69',13,'325.00',3,5,11,'6.08',10,'50.00','38.46'),(59,1,37,28,'-100.00','0.00','-100.00',10,10,'2.50',4,'100.00',0,0,0,'8.25',4,'20.00','0.00'),(60,1,13,10,'50.00','400.00','14.29',107,115,'8.21',14,'350.00',1,4,16,'7.29',10,'50.00','28.57'),(61,1,46,36,'-25.00','0.00','-100.00',2,2,'2.00',1,'25.00',0,0,1,'11.00',1,'5.00','0.00'),(62,1,43,34,'-25.00','0.00','-100.00',3,3,'3.00',1,'25.00',0,0,4,'8.00',1,'5.00','0.00'),(63,1,33,22,'30.00','105.00','40.00',27,27,'9.00',3,'75.00',0,1,3,'10.67',3,'15.00','33.33'),(64,1,31,19,'-5.00','145.00','-3.33',34,34,'5.67',6,'150.00',0,2,10,'8.33',6,'30.00','33.33'),(65,1,40,33,'-50.00','0.00','-100.00',4,4,'2.00',2,'50.00',0,0,1,'12.00',2,'10.00','0.00'),(66,2,40,49,'-25.00','0.00','-100.00',0,0,'0.00',1,'25.00',0,0,0,'16.00',1,'5.00','0.00'),(67,2,13,8,'100.00','675.00','17.39',148,148,'6.43',23,'575.00',1,5,28,'7.70',10,'50.00','21.74'),(68,2,4,1,'325.00','925.00','54.17',225,239,'9.96',24,'600.00',3,7,44,'7.79',10,'50.00','29.17'),(69,2,19,13,'-375.00','200.00','-65.22',75,75,'3.26',23,'575.00',1,1,8,'11.26',10,'50.00','4.35'),(70,2,16,35,'-75.00','0.00','-100.00',6,6,'2.00',3,'75.00',0,0,0,'10.00',3,'15.00','0.00'),(71,2,34,27,'30.00','80.00','60.00',17,17,'8.50',2,'50.00',0,1,1,'6.50',2,'10.00','50.00'),(72,2,30,29,'50.00','100.00','100.00',15,15,'7.50',2,'50.00',0,1,2,'6.50',2,'10.00','50.00'),(73,2,6,2,'480.00','1055.00','83.48',220,241,'10.48',23,'575.00',2,9,18,'7.22',10,'50.00','39.13'),(74,2,28,18,'-80.00','95.00','-45.71',47,47,'6.71',7,'175.00',0,1,14,'5.71',7,'35.00','14.29'),(75,2,25,15,'-235.00','165.00','-58.75',67,67,'4.19',16,'400.00',1,1,12,'8.94',10,'50.00','6.25'),(76,2,21,3,'270.00','870.00','45.00',202,215,'8.96',24,'600.00',2,7,28,'7.71',10,'50.00','29.17'),(77,2,31,36,'-125.00','0.00','-100.00',6,6,'1.20',5,'125.00',0,0,1,'10.60',5,'25.00','0.00'),(78,2,37,24,'-150.00','0.00','-100.00',28,28,'4.67',6,'150.00',0,0,4,'6.83',6,'30.00','0.00'),(79,2,14,21,'-195.00','80.00','-70.91',32,32,'2.91',11,'275.00',0,1,4,'9.64',10,'50.00','9.09'),(80,2,26,9,'-115.00','335.00','-25.56',110,110,'6.11',18,'450.00',0,3,10,'7.33',10,'50.00','16.67'),(81,2,7,4,'180.00','780.00','30.00',188,191,'7.96',24,'600.00',3,6,30,'7.83',10,'50.00','25.00'),(82,2,63,43,'-25.00','0.00','-100.00',0,0,'0.00',1,'25.00',0,0,0,'13.00',1,'5.00','0.00'),(83,2,12,7,'150.00','500.00','42.86',162,162,'11.57',14,'350.00',2,2,16,'8.07',10,'50.00','14.29'),(84,2,2,16,'-285.00','190.00','-60.00',65,65,'3.42',19,'475.00',1,2,9,'10.58',10,'50.00','10.53'),(85,2,11,25,'-220.00','80.00','-73.33',25,25,'2.08',12,'300.00',0,1,6,'11.67',10,'50.00','8.33'),(86,2,17,6,'320.00','720.00','80.00',171,171,'10.69',16,'400.00',3,5,23,'9.56',10,'50.00','31.25'),(87,2,53,30,'45.00','70.00','180.00',12,12,'12.00',1,'25.00',0,1,1,'3.00',1,'5.00','100.00'),(88,2,61,39,'-25.00','0.00','-100.00',0,0,'0.00',1,'25.00',0,0,0,'10.00',1,'5.00','0.00'),(89,2,57,47,'-25.00','0.00','-100.00',0,0,'0.00',1,'25.00',0,0,0,'16.00',1,'5.00','0.00'),(90,2,41,45,'-25.00','0.00','-100.00',0,0,'0.00',1,'25.00',0,0,0,'15.00',0,'0.00','0.00'),(91,2,33,12,'-35.00','315.00','-10.00',80,80,'5.71',14,'350.00',1,2,5,'9.86',10,'50.00','14.29'),(92,2,51,19,'-325.00','75.00','-81.25',41,41,'2.56',16,'400.00',0,1,13,'9.81',10,'50.00','6.25'),(93,2,18,22,'-70.00','80.00','-46.67',31,31,'5.17',6,'150.00',0,1,3,'7.33',6,'30.00','16.67'),(94,2,49,5,'305.00','655.00','87.14',182,182,'13.00',14,'350.00',3,4,17,'8.21',10,'50.00','28.57'),(95,2,29,44,'-25.00','0.00','-100.00',0,0,'0.00',1,'25.00',0,0,0,'14.00',0,'0.00','0.00'),(96,2,3,10,'110.00','385.00','40.00',90,90,'8.18',11,'275.00',0,4,4,'7.09',10,'50.00','36.36'),(97,2,67,40,'-50.00','0.00','-100.00',0,0,'0.00',2,'50.00',0,0,0,'10.50',2,'10.00','0.00'),(98,2,5,17,'-125.00','150.00','-45.45',52,52,'4.73',11,'275.00',0,1,16,'8.09',10,'50.00','9.09'),(99,2,64,46,'-50.00','0.00','-100.00',0,0,'0.00',2,'50.00',0,0,1,'15.50',2,'10.00','0.00'),(100,2,8,26,'15.00','140.00','12.00',22,22,'4.40',5,'125.00',0,2,4,'8.40',5,'25.00','40.00'),(101,2,35,33,'-25.00','0.00','-100.00',7,7,'7.00',1,'25.00',0,0,1,'5.00',1,'5.00','0.00'),(102,2,66,53,'-25.00','0.00','-100.00',0,0,'0.00',1,'25.00',0,0,0,'26.00',1,'5.00','0.00'),(103,2,58,52,'-25.00','0.00','-100.00',0,0,'0.00',1,'25.00',0,0,0,'24.00',1,'5.00','0.00'),(104,2,60,51,'-25.00','0.00','-100.00',0,0,'0.00',1,'25.00',0,0,0,'21.00',1,'5.00','0.00'),(105,2,62,50,'-25.00','0.00','-100.00',0,0,'0.00',1,'25.00',0,0,0,'19.00',1,'5.00','0.00'),(106,2,65,48,'-25.00','0.00','-100.00',0,0,'0.00',1,'25.00',0,0,0,'16.00',1,'5.00','0.00'),(107,2,59,42,'-25.00','0.00','-100.00',0,0,'0.00',1,'25.00',0,0,0,'12.00',1,'5.00','0.00'),(108,2,56,38,'-25.00','0.00','-100.00',3,3,'3.00',1,'25.00',0,0,3,'11.00',1,'5.00','0.00'),(109,2,55,32,'-25.00','0.00','-100.00',10,10,'10.00',1,'25.00',0,0,2,'6.00',1,'5.00','0.00'),(110,2,54,31,'-25.00','0.00','-100.00',12,12,'12.00',1,'25.00',0,0,2,'5.00',1,'5.00','0.00'),(111,2,50,11,'315.00','340.00','1260.00',85,85,'85.00',1,'25.00',1,1,8,'1.00',1,'5.00','100.00'),(112,2,15,14,'40.00','215.00','22.86',70,70,'10.00',7,'175.00',1,1,4,'7.00',7,'35.00','14.29'),(113,2,52,20,'90.00','190.00','90.00',35,35,'8.75',4,'100.00',0,2,12,'10.00',4,'20.00','50.00'),(114,2,22,34,'-50.00','0.00','-100.00',6,6,'3.00',2,'50.00',0,0,1,'8.00',2,'10.00','0.00'),(115,2,24,28,'55.00','105.00','110.00',15,15,'7.50',2,'50.00',0,1,5,'8.50',2,'10.00','50.00'),(116,2,10,41,'-25.00','0.00','-100.00',0,0,'0.00',1,'25.00',0,0,0,'11.00',1,'5.00','0.00'),(117,2,1,37,'-25.00','0.00','-100.00',3,3,'3.00',1,'25.00',0,0,0,'8.00',1,'5.00','0.00'),(118,2,23,23,'130.00','155.00','520.00',30,30,'30.00',1,'25.00',0,1,4,'2.00',1,'5.00','100.00'),(119,3,35,11,'245.00','495.00','98.00',110,110,'11.00',10,'250.00',1,4,14,'6.80',10,'50.00','40.00'),(120,3,37,39,'-25.00','0.00','-100.00',0,0,'0.00',1,'25.00',0,0,0,'21.00',1,'5.00','0.00'),(121,3,69,10,'-85.00','415.00','-17.00',113,113,'5.65',20,'500.00',1,3,33,'8.75',10,'50.00','15.00'),(122,3,68,25,'-100.00','0.00','-100.00',16,16,'4.00',4,'100.00',0,0,2,'8.00',4,'20.00','0.00'),(123,3,26,23,'30.00','105.00','40.00',19,19,'6.33',3,'75.00',0,1,8,'7.67',3,'15.00','33.33'),(124,3,70,30,'-25.00','0.00','-100.00',0,0,'0.00',1,'25.00',0,0,0,'10.00',1,'5.00','0.00'),(125,3,71,38,'-25.00','0.00','-100.00',0,0,'0.00',1,'25.00',0,0,0,'19.00',1,'5.00','0.00'),(126,3,65,37,'-25.00','0.00','-100.00',0,0,'0.00',1,'25.00',0,0,0,'17.00',1,'5.00','0.00'),(127,3,72,14,'155.00','330.00','88.57',88,88,'12.57',7,'175.00',1,2,11,'7.00',7,'35.00','28.57'),(128,3,73,34,'-25.00','0.00','-100.00',0,0,'0.00',1,'25.00',0,0,0,'15.00',1,'5.00','0.00'),(129,3,75,32,'-25.00','0.00','-100.00',0,0,'0.00',1,'25.00',0,0,0,'13.00',1,'5.00','0.00'),(130,3,74,27,'-25.00','0.00','-100.00',6,6,'6.00',1,'25.00',0,0,1,'5.00',1,'5.00','0.00'),(131,3,67,35,'-25.00','0.00','-100.00',0,0,'0.00',1,'25.00',0,0,0,'15.00',1,'5.00','0.00'),(132,3,76,31,'-25.00','0.00','-100.00',0,0,'0.00',1,'25.00',0,0,0,'11.00',1,'5.00','0.00'),(133,4,19,10,'-100.00','125.00','-44.44',30,30,'3.33',9,'225.00',0,3,6,'6.89',9,'45.00','33.33'),(134,4,23,14,'-40.00','60.00','-40.00',17,17,'4.25',4,'100.00',0,1,6,'5.25',4,'20.00','25.00'),(135,4,3,8,'-115.00','135.00','-46.00',37,37,'3.70',10,'250.00',0,3,1,'6.10',10,'50.00','30.00'),(136,4,69,18,'-175.00','50.00','-77.78',12,12,'1.33',9,'225.00',0,1,7,'7.44',9,'45.00','11.11'),(137,4,21,5,'120.00','295.00','68.57',73,73,'10.43',7,'175.00',1,3,7,'5.00',7,'35.00','42.86'),(138,4,24,6,'-150.00','100.00','-60.00',42,42,'4.20',10,'250.00',1,1,7,'5.70',10,'50.00','10.00'),(139,4,5,4,'20.00','295.00','7.27',78,78,'7.09',11,'275.00',2,3,13,'5.55',10,'50.00','27.27'),(140,4,11,12,'-185.00','40.00','-82.22',21,21,'2.33',9,'225.00',0,1,4,'6.56',9,'45.00','11.11'),(141,4,7,1,'355.00','580.00','157.78',140,140,'15.56',9,'225.00',4,5,21,'4.56',9,'45.00','55.56'),(142,4,20,3,'25.00','350.00','7.69',97,97,'7.46',13,'325.00',0,6,9,'3.92',10,'50.00','46.15'),(143,4,14,17,'-60.00','40.00','-60.00',12,12,'3.00',4,'100.00',0,1,1,'6.50',4,'20.00','25.00'),(144,4,76,13,'70.00','95.00','280.00',17,17,'17.00',1,'25.00',0,1,3,'2.00',1,'5.00','100.00'),(145,4,12,2,'375.00','600.00','166.67',137,137,'15.22',9,'225.00',4,6,17,'3.56',9,'45.00','66.67'),(146,4,8,20,'-75.00','0.00','-100.00',7,7,'2.33',3,'75.00',0,0,2,'5.67',3,'15.00','0.00'),(147,4,2,22,'-50.00','0.00','-100.00',0,0,'0.00',2,'50.00',0,0,0,'10.00',2,'10.00','0.00'),(148,4,6,16,'10.00','60.00','20.00',12,12,'6.00',2,'50.00',0,1,1,'5.00',2,'10.00','50.00'),(149,4,72,7,'25.00','150.00','20.00',37,37,'7.40',5,'125.00',1,2,5,'5.60',5,'25.00','40.00'),(150,4,49,24,'-25.00','0.00','-100.00',0,0,'0.00',1,'25.00',0,0,0,'11.00',1,'5.00','0.00'),(151,4,15,11,'20.00','95.00','26.67',23,23,'7.67',3,'75.00',0,1,3,'4.67',3,'15.00','33.33'),(152,4,13,9,'75.00','150.00','100.00',35,35,'11.67',3,'75.00',1,1,3,'6.67',3,'15.00','33.33'),(153,4,67,21,'-50.00','0.00','-100.00',0,0,'0.00',2,'50.00',0,0,0,'6.00',2,'10.00','0.00'),(154,4,17,23,'-25.00','0.00','-100.00',0,0,'0.00',1,'25.00',0,0,0,'10.00',1,'5.00','0.00'),(155,4,25,15,'-65.00','35.00','-65.00',17,17,'4.25',4,'100.00',0,1,1,'4.75',4,'20.00','25.00'),(156,4,4,19,'20.00','45.00','80.00',8,8,'8.00',1,'25.00',0,1,1,'3.00',1,'5.00','100.00');
/*!40000 ALTER TABLE `player_stats` ENABLE KEYS */;
UNLOCK TABLES;

--
-- Table structure for table `players`
--

DROP TABLE IF EXISTS `players`;
/*!40101 SET @saved_cs_client     = @@character_set_client */;
/*!40101 SET character_set_client = utf8 */;
CREATE TABLE `players` (
  `id` int(11) NOT NULL AUTO_INCREMENT,
  `first_name` varchar(255) DEFAULT NULL,
  `last_name` varchar(255) DEFAULT NULL,
  `email` varchar(255) DEFAULT NULL,
  PRIMARY KEY (`id`)
) ENGINE=InnoDB AUTO_INCREMENT=77 DEFAULT CHARSET=latin1;
/*!40101 SET character_set_client = @saved_cs_client */;

--
-- Dumping data for table `players`
--

LOCK TABLES `players` WRITE;
/*!40000 ALTER TABLE `players` DISABLE KEYS */;
INSERT INTO `players` VALUES (1,'Andria','Smith',NULL),(2,'Eric','Tipton','eric.tipton@cardplayer.com'),(3,'Amir','Manji','amanji75@gmail.com'),(4,'Shawn','Green',NULL),(5,'Erik','Fast',NULL),(6,'Bethany','Cermak',NULL),(7,'Kristy','Arnett','kristy.arnett@cardplayer.com'),(8,'Ryan','Johns','ryanjohns@gmail.com'),(9,'Ryan','Runge',NULL),(10,'Josh','Smith',NULL),(11,'Lizzy','Morone','lizzyharrison@gmail.com'),(12,'Ronnie','Morone','ronaldmorone@gmail.com'),(13,'Brian','Fidler',NULL),(14,'Julio','Rodriguez',NULL),(15,'Laura','Rody',NULL),(16,'Danny','Egelhoff',NULL),(17,'Mark','Schmitz',NULL),(18,'Tim','Resnik',NULL),(19,'Andrew','Moreno','andrew.moreno@cardplayer.com'),(20,'Steve','Radulovich','steve@cardplayer.com'),(21,'Tony','Moreno','tmo.moreno@gmail.com'),(22,'Michelle','Heflin',NULL),(23,'Zack','Messer',NULL),(24,'Alex','Farley',NULL),(25,'Scott','Dedoes',NULL),(26,'John','Grinzivich',NULL),(27,'Brandon','Scoggins',NULL),(28,'Rich','Belsky',NULL),(29,'Bob','Pajich',NULL),(30,'Micah','Thomas',NULL),(31,'Dave','Wilmert',NULL),(32,'Ryan','McGuire',NULL),(33,'Todd','Alexander',NULL),(34,'Morgan','Kise',NULL),(35,'Justin','Marchand',NULL),(36,'Konan','Luce',NULL),(37,'Mary','Hurbi',NULL),(38,'Paul','Wilhelm',NULL),(39,'Michael','Friedman',NULL),(40,'Megan','Cork',NULL),(41,'Randy','Watters',NULL),(42,'Sherry','Pinder',NULL),(43,'Theo','Tran',NULL),(44,'Jamie','Wilhelm',NULL),(45,'Seth','Niesen',NULL),(46,'Lara','Miller',NULL),(47,'Mark','Pinder',NULL),(48,'Shannon','Watters',NULL),(49,'Ryan','VanWinkle',NULL),(50,'Alex','G(I)',NULL),(51,'Chris','Hinkel',NULL),(52,'Tim','M',NULL),(53,'Dustin','Fremion',NULL),(54,'Raphael','(I)',NULL),(55,'Alex','P(I)',NULL),(56,'Scott','M(I)',NULL),(57,'Blake','Levario',NULL),(58,'Chris','P(I)',NULL),(59,'Sharad','(I)',NULL),(60,'Cameron','(I)',NULL),(61,'James','B',NULL),(62,'Ryan','Lucchesi',NULL),(63,'Joe','Hulbert',NULL),(64,'Tony','DeSylva',NULL),(65,'Brittany','Giacoletto',NULL),(66,'Ryan','C(I)',NULL),(67,'Paola','Rodriguez',NULL),(68,'Paul','Cho',NULL),(69,'Michael','Hinkson','mjhinkson@digidistributors.com'),(70,'Nate','Dennehy',NULL),(71,'Pat','Earnest',NULL),(72,'Stephen','Murphy',NULL),(73,'Jonathan','Sockell',NULL),(74,'Scott','Satkin',NULL),(75,'Rob','Gusman',NULL),(76,'Gus','Voelzel',NULL);
/*!40000 ALTER TABLE `players` ENABLE KEYS */;
UNLOCK TABLES;

--
-- Table structure for table `results`
--

DROP TABLE IF EXISTS `results`;
/*!40101 SET @saved_cs_client     = @@character_set_client */;
/*!40101 SET character_set_client = utf8 */;
CREATE TABLE `results` (
  `id` int(11) NOT NULL AUTO_INCREMENT,
  `player_id` int(11) DEFAULT NULL,
  `payout_id` int(11) DEFAULT NULL,
  `fee_paid` tinyint(1) DEFAULT NULL,
  `bounties` int(11) NOT NULL DEFAULT '0',
  `money_won` decimal(8,2) DEFAULT '0.00',
  `bounty_collector_id` int(11) DEFAULT NULL,
  `tournament_id` int(11) DEFAULT NULL,
  PRIMARY KEY (`id`)
) ENGINE=InnoDB AUTO_INCREMENT=1268 DEFAULT CHARSET=latin1;
/*!40101 SET character_set_client = @saved_cs_client */;

--
-- Dumping data for table `results`
--

LOCK TABLES `results` WRITE;
/*!40000 ALTER TABLE `results` DISABLE KEYS */;
INSERT INTO `results` VALUES (1,1,34,1,0,'0.00',2,1),(2,3,33,1,0,'0.00',4,1),(3,5,32,1,0,'0.00',2,1),(4,6,31,1,0,'0.00',7,1),(5,2,30,1,2,'0.00',7,1),(6,8,29,1,0,'0.00',9,1),(7,10,28,1,0,'0.00',11,1),(8,9,27,1,1,'0.00',12,1),(9,7,26,1,2,'0.00',4,1),(10,11,25,1,1,'60.00',4,1),(11,12,24,1,1,'90.00',4,1),(12,4,23,1,4,'150.00',NULL,1),(13,13,52,1,0,'0.00',5,2),(14,2,51,1,0,'0.00',8,2),(15,6,50,1,0,'0.00',8,2),(16,14,49,1,0,'0.00',15,2),(17,4,48,1,0,'0.00',16,2),(18,17,47,1,0,'0.00',8,2),(19,7,46,1,0,'0.00',15,2),(20,18,45,1,0,'0.00',8,2),(21,19,44,1,0,'0.00',8,2),(22,12,43,1,0,'0.00',8,2),(23,11,42,1,0,'0.00',5,2),(24,16,41,1,1,'0.00',3,2),(25,15,40,1,2,'0.00',8,2),(26,20,39,1,0,'0.00',5,2),(27,3,38,1,1,'85.00',5,2),(28,8,37,1,7,'125.00',5,2),(29,5,36,1,5,'215.00',NULL,2),(30,4,51,1,0,'0.00',6,3),(31,5,50,1,0,'0.00',11,3),(32,13,49,1,0,'0.00',2,3),(33,12,48,1,0,'0.00',21,3),(34,11,47,1,1,'0.00',21,3),(35,6,46,1,1,'0.00',22,3),(36,23,45,1,0,'0.00',8,3),(37,16,44,1,0,'0.00',22,3),(38,20,43,1,0,'0.00',21,3),(39,2,42,1,1,'0.00',21,3),(40,15,41,1,0,'0.00',21,3),(41,24,40,1,0,'0.00',3,3),(42,8,39,1,1,'0.00',21,3),(43,22,38,1,2,'80.00',3,3),(44,21,37,1,6,'120.00',3,3),(45,3,36,1,3,'200.00',NULL,3),(46,4,50,1,0,'0.00',23,4),(47,12,49,1,0,'0.00',7,4),(48,25,48,1,0,'0.00',13,4),(49,8,47,1,0,'0.00',11,4),(50,6,46,1,0,'0.00',17,4),(51,15,45,1,0,'0.00',11,4),(52,5,44,1,0,'0.00',13,4),(53,17,43,1,1,'0.00',11,4),(54,2,42,1,0,'0.00',24,4),(55,23,41,1,1,'0.00',13,4),(56,7,40,1,1,'0.00',13,4),(57,11,39,1,3,'0.00',13,4),(58,24,38,1,1,'75.00',13,4),(59,3,37,1,0,'110.00',13,4),(60,13,36,1,7,'190.00',NULL,4),(61,4,167,1,0,'0.00',12,5),(62,7,166,1,0,'0.00',28,5),(63,12,165,1,1,'0.00',2,5),(64,28,164,1,1,'0.00',11,5),(65,34,163,1,0,'0.00',25,5),(66,17,162,1,0,'0.00',25,5),(67,14,161,1,0,'0.00',25,5),(68,20,160,1,0,'0.00',2,5),(69,27,159,1,0,'0.00',2,5),(70,2,158,1,3,'0.00',29,5),(71,25,157,1,3,'65.00',11,5),(72,11,156,1,2,'95.00',29,5),(73,29,155,1,2,'165.00',NULL,5),(74,29,182,1,0,'0.00',20,6),(75,48,181,0,0,'0.00',20,6),(76,19,180,1,0,'0.00',12,6),(77,17,179,1,0,'0.00',27,6),(78,25,178,1,0,'0.00',20,6),(79,11,177,1,0,'0.00',36,6),(80,27,176,1,1,'0.00',6,6),(81,36,175,1,1,'0.00',20,6),(82,12,174,1,1,'0.00',4,6),(83,41,173,0,0,'0.00',4,6),(84,7,172,1,0,'0.00',20,6),(85,26,171,1,0,'0.00',6,6),(86,20,170,1,5,'75.00',4,6),(87,4,169,1,3,'110.00',6,6),(88,6,168,1,3,'190.00',NULL,6),(89,11,183,1,0,'0.00',35,7),(90,2,182,1,0,'0.00',25,7),(91,30,181,1,0,'0.00',17,7),(92,29,180,1,0,'0.00',25,7),(93,7,179,1,0,'0.00',28,7),(94,4,178,1,0,'0.00',12,7),(95,28,177,1,1,'0.00',27,7),(96,17,176,1,1,'0.00',25,7),(97,12,175,1,1,'0.00',34,7),(98,20,174,1,0,'0.00',16,7),(99,35,173,1,1,'0.00',34,7),(100,25,172,1,3,'0.00',26,7),(101,34,171,1,2,'0.00',26,7),(102,16,170,1,1,'80.00',26,7),(103,26,169,1,3,'120.00',27,7),(104,27,168,1,2,'200.00',NULL,7),(105,47,183,1,0,'0.00',2,8),(106,19,182,1,0,'0.00',42,8),(107,28,181,1,0,'0.00',29,8),(108,30,180,1,0,'0.00',7,8),(109,17,179,1,0,'0.00',7,8),(110,26,178,1,0,'0.00',7,8),(111,34,177,1,0,'0.00',7,8),(112,42,176,1,1,'0.00',7,8),(113,2,175,1,1,'0.00',25,8),(114,20,174,1,0,'0.00',25,8),(115,36,173,1,0,'0.00',25,8),(116,39,172,1,0,'0.00',27,8),(117,27,171,1,1,'0.00',25,8),(118,7,170,1,5,'80.00',25,8),(119,29,169,1,1,'120.00',25,8),(120,25,168,1,6,'200.00',NULL,8),(121,27,182,1,0,'0.00',28,9),(122,44,181,1,0,'0.00',32,9),(123,28,180,1,1,'0.00',38,9),(124,6,179,1,0,'0.00',26,9),(125,30,178,1,0,'0.00',38,9),(126,34,177,1,0,'0.00',26,9),(127,29,176,1,0,'0.00',25,9),(128,17,175,1,0,'0.00',4,9),(129,20,174,1,0,'0.00',38,9),(130,25,173,1,1,'0.00',26,9),(131,16,172,1,0,'0.00',38,9),(132,38,171,1,4,'0.00',32,9),(133,4,170,1,1,'75.00',32,9),(134,32,169,1,3,'110.00',26,9),(135,26,168,1,4,'190.00',NULL,9),(136,44,206,1,0,'0.00',35,10),(137,34,205,1,0,'0.00',35,10),(138,38,204,1,0,'0.00',45,10),(139,17,203,1,0,'0.00',11,10),(140,4,202,1,0,'0.00',2,10),(141,20,201,1,0,'0.00',11,10),(142,16,200,1,0,'0.00',35,10),(143,29,199,1,0,'0.00',35,10),(144,45,198,1,1,'0.00',12,10),(145,32,197,1,0,'0.00',2,10),(146,30,196,1,0,'0.00',35,10),(147,28,195,1,0,'0.00',10,10),(148,27,194,1,0,'0.00',10,10),(149,11,193,1,2,'0.00',10,10),(150,35,192,1,5,'0.00',10,10),(151,6,191,1,0,'0.00',2,10),(152,1,190,1,0,'0.00',2,10),(153,26,189,1,0,'0.00',2,10),(154,12,188,1,1,'55.00',10,10),(155,2,187,1,5,'110.00',10,10),(156,10,186,1,6,'165.00',18,10),(157,18,185,1,1,'220.00',NULL,10),(158,25,154,1,0,'0.00',2,11),(159,17,153,1,0,'0.00',11,11),(160,4,152,1,0,'0.00',28,11),(161,27,151,1,0,'0.00',2,11),(162,12,150,1,0,'0.00',28,11),(163,11,149,1,1,'0.00',2,11),(164,28,148,1,2,'45.00',26,11),(165,2,147,1,3,'65.00',26,11),(166,26,146,1,2,'115.00',NULL,11),(167,11,166,1,0,'0.00',28,12),(168,4,165,1,0,'0.00',12,12),(169,27,164,1,0,'0.00',17,12),(170,17,163,1,1,'0.00',2,12),(171,26,162,1,0,'0.00',2,12),(172,25,161,1,0,'0.00',28,12),(173,6,160,1,0,'0.00',32,12),(174,35,159,1,0,'0.00',28,12),(175,32,158,1,1,'0.00',28,12),(176,2,157,1,2,'60.00',28,12),(177,12,156,1,1,'90.00',28,12),(178,28,155,1,6,'150.00',NULL,12),(179,11,165,1,0,'0.00',26,13),(180,17,164,1,0,'0.00',2,13),(181,28,163,1,0,'0.00',2,13),(182,27,162,1,0,'0.00',25,13),(183,2,161,1,2,'0.00',30,13),(184,26,160,1,1,'0.00',20,13),(185,25,159,1,1,'0.00',4,13),(186,30,158,1,1,'0.00',4,13),(187,12,157,1,0,'55.00',4,13),(188,20,156,1,1,'80.00',4,13),(189,4,155,1,4,'140.00',NULL,13),(190,2,167,1,0,'0.00',20,14),(191,26,166,1,0,'0.00',12,14),(192,30,165,1,0,'0.00',4,14),(193,6,164,1,0,'0.00',7,14),(194,21,163,1,0,'0.00',12,14),(195,20,162,1,1,'0.00',4,14),(196,37,161,1,0,'0.00',19,14),(197,4,160,1,2,'0.00',19,14),(198,12,159,1,2,'0.00',19,14),(199,7,158,1,1,'0.00',25,14),(200,19,157,1,3,'65.00',25,14),(201,17,156,1,0,'95.00',25,14),(202,25,155,1,3,'165.00',NULL,14),(203,27,183,1,0,'0.00',6,15),(204,12,182,1,0,'0.00',30,15),(205,19,181,1,0,'0.00',28,15),(206,7,180,1,0,'0.00',2,15),(207,20,179,1,0,'0.00',28,15),(208,13,178,1,0,'0.00',21,15),(209,21,177,1,1,'0.00',25,15),(210,26,176,1,0,'0.00',25,15),(211,28,175,1,2,'0.00',4,15),(212,11,174,1,0,'0.00',4,15),(213,30,173,1,1,'0.00',2,15),(214,6,172,1,1,'0.00',2,15),(215,17,171,0,0,'0.00',4,15),(216,25,170,1,2,'80.00',2,15),(217,4,169,1,3,'120.00',2,15),(218,2,168,1,5,'200.00',NULL,15),(219,25,183,0,0,'0.00',2,16),(220,17,182,0,0,'0.00',18,16),(221,7,181,1,0,'0.00',2,16),(222,28,180,1,0,'0.00',19,16),(223,13,179,1,0,'0.00',30,16),(224,4,178,0,0,'0.00',18,16),(225,20,177,1,0,'0.00',27,16),(226,21,176,1,0,'0.00',18,16),(227,2,175,1,2,'0.00',27,16),(228,30,174,1,1,'0.00',18,16),(229,19,173,1,1,'0.00',27,16),(230,12,172,1,0,'0.00',6,16),(231,11,171,1,0,'0.00',27,16),(232,18,170,1,4,'80.00',6,16),(233,27,169,0,4,'120.00',6,16),(234,6,168,1,3,'200.00',NULL,16),(235,2,165,0,0,'0.00',11,17),(236,4,164,0,0,'0.00',25,17),(237,12,163,0,0,'0.00',25,17),(238,17,162,0,0,'0.00',25,17),(239,13,161,1,0,'0.00',27,17),(240,20,160,0,0,'0.00',11,17),(241,6,159,1,0,'0.00',25,17),(242,27,158,0,1,'0.00',28,17),(243,11,157,1,2,'55.00',25,17),(244,28,156,0,1,'80.00',25,17),(245,25,155,0,6,'140.00',NULL,17),(246,30,183,1,0,'0.00',46,18),(247,17,182,0,0,'0.00',43,18),(248,28,181,0,0,'0.00',2,18),(249,26,180,0,0,'0.00',43,18),(250,25,179,0,0,'0.00',43,18),(251,46,178,1,1,'0.00',43,18),(252,12,177,0,0,'0.00',4,18),(253,27,176,0,0,'0.00',4,18),(254,43,175,1,4,'0.00',20,18),(255,36,174,1,0,'0.00',18,18),(256,6,173,1,0,'0.00',2,18),(257,11,172,0,0,'0.00',2,18),(258,20,171,0,1,'0.00',2,18),(259,18,170,1,1,'80.00',2,18),(260,2,169,0,5,'120.00',4,18),(261,4,168,0,3,'200.00',NULL,18),(262,6,164,1,0,'0.00',27,19),(263,4,163,0,0,'0.00',26,19),(264,25,162,0,0,'0.00',28,19),(265,2,161,0,0,'0.00',17,19),(266,27,160,0,1,'0.00',30,19),(267,28,159,0,1,'0.00',30,19),(268,26,158,0,1,'0.00',30,19),(269,13,157,1,0,'50.00',30,19),(270,17,156,0,1,'75.00',30,19),(271,30,155,1,5,'125.00',NULL,19),(272,28,182,0,0,'0.00',17,20),(273,17,181,0,1,'0.00',4,20),(274,4,180,0,1,'0.00',21,20),(275,21,179,1,1,'0.00',26,20),(276,26,178,0,1,'0.00',30,20),(277,30,177,0,1,'0.00',25,20),(278,25,176,0,1,'0.00',12,20),(279,12,175,0,1,'0.00',27,20),(280,27,174,0,1,'0.00',20,20),(281,20,173,0,1,'0.00',19,20),(282,19,172,1,1,'0.00',6,20),(283,6,171,0,1,'0.00',2,20),(284,2,170,0,1,'75.00',13,20),(285,13,169,1,1,'110.00',7,20),(286,7,168,1,1,'190.00',NULL,20),(287,30,202,0,0,'0.00',28,21),(288,33,201,1,0,'0.00',19,21),(289,6,200,0,0,'0.00',7,21),(290,19,199,1,1,'0.00',4,21),(291,17,198,0,0,'0.00',20,21),(292,11,197,0,0,'0.00',13,21),(293,13,196,1,1,'0.00',20,21),(294,18,195,1,0,'0.00',28,21),(295,2,194,0,0,'0.00',28,21),(296,21,193,1,0,'0.00',20,21),(297,12,192,0,0,'0.00',7,21),(298,26,191,0,0,'0.00',31,21),(299,35,190,1,0,'0.00',28,21),(300,31,189,1,1,'0.00',28,21),(301,4,188,0,1,'45.00',28,21),(302,28,187,0,6,'90.00',20,21),(303,20,186,0,4,'135.00',7,21),(304,7,185,1,3,'180.00',NULL,21),(305,28,184,0,0,'0.00',25,22),(306,25,183,0,1,'0.00',19,22),(307,31,182,1,0,'0.00',19,22),(308,20,181,0,0,'0.00',19,22),(309,4,180,0,0,'0.00',40,22),(310,2,179,0,0,'0.00',19,22),(311,6,178,0,0,'0.00',7,22),(312,21,177,1,0,'0.00',13,22),(313,17,176,0,0,'0.00',34,22),(314,40,175,1,1,'0.00',7,22),(315,37,174,1,0,'0.00',19,22),(316,34,173,1,1,'0.00',19,22),(317,13,172,1,1,'0.00',19,22),(318,18,171,1,0,'0.00',7,22),(319,26,170,0,0,'85.00',7,22),(320,19,169,1,7,'125.00',7,22),(321,7,168,1,5,'215.00',NULL,22),(322,30,181,0,0,'0.00',2,23),(323,4,180,0,0,'0.00',2,23),(324,2,179,0,2,'0.00',31,23),(325,20,178,0,0,'0.00',21,23),(326,17,177,0,0,'0.00',31,23),(327,7,176,0,0,'0.00',31,23),(328,11,175,0,0,'0.00',6,23),(329,12,174,0,0,'0.00',19,23),(330,13,173,1,0,'0.00',31,23),(331,6,172,0,1,'0.00',19,23),(332,25,171,0,0,'0.00',19,23),(333,31,170,1,4,'70.00',19,23),(334,19,169,1,4,'105.00',21,23),(335,21,168,1,2,'175.00',NULL,23),(336,30,182,0,0,'0.00',31,24),(337,12,181,0,0,'0.00',31,24),(338,25,180,0,0,'0.00',26,24),(339,6,179,0,0,'0.00',4,24),(340,4,178,0,1,'0.00',7,24),(341,37,177,1,0,'0.00',13,24),(342,27,176,0,0,'0.00',7,24),(343,26,175,0,1,'0.00',31,24),(344,7,174,0,2,'0.00',31,24),(345,21,173,1,0,'0.00',13,24),(346,19,172,1,0,'0.00',20,24),(347,17,171,0,0,'0.00',13,24),(348,31,170,1,4,'75.00',13,24),(349,20,169,0,1,'110.00',13,24),(350,13,168,1,5,'190.00',NULL,24),(351,4,181,0,0,'0.00',12,25),(352,13,180,1,0,'0.00',20,25),(353,6,179,0,0,'0.00',19,25),(354,17,178,0,0,'0.00',2,25),(355,12,177,0,1,'0.00',2,25),(356,25,176,0,0,'0.00',19,25),(357,26,175,0,0,'0.00',33,25),(358,20,174,0,1,'0.00',2,25),(359,11,173,0,0,'0.00',2,25),(360,2,172,0,4,'0.00',7,25),(361,7,171,0,1,'0.00',33,25),(362,21,170,1,0,'70.00',33,25),(363,33,169,1,3,'105.00',19,25),(364,19,168,0,3,'175.00',NULL,25),(365,20,164,0,0,'0.00',13,26),(366,4,163,0,0,'0.00',25,26),(367,2,162,0,0,'0.00',31,26),(368,31,161,1,1,'0.00',13,26),(369,21,160,1,0,'0.00',13,26),(370,7,159,0,0,'0.00',13,26),(371,6,158,0,0,'0.00',13,26),(372,13,157,0,5,'50.00',17,26),(373,25,156,0,1,'75.00',17,26),(374,17,155,0,2,'125.00',NULL,26),(375,31,184,1,0,'0.00',17,27),(376,40,183,1,0,'0.00',17,27),(377,26,182,0,0,'0.00',2,27),(378,20,181,0,0,'0.00',2,27),(379,33,180,1,0,'0.00',14,27),(380,6,179,0,0,'0.00',28,27),(381,13,178,0,0,'0.00',14,27),(382,4,177,0,0,'0.00',19,27),(383,2,176,0,2,'0.00',19,27),(384,7,175,0,0,'0.00',14,27),(385,30,174,0,0,'0.00',14,27),(386,34,173,1,0,'0.00',28,27),(387,28,172,0,2,'0.00',14,27),(388,17,171,0,2,'0.00',19,27),(389,14,170,1,5,'85.00',19,27),(390,21,169,0,0,'125.00',19,27),(391,19,168,0,5,'215.00',NULL,27),(392,4,184,0,0,'0.00',7,28),(393,19,183,0,0,'0.00',12,28),(394,20,182,0,0,'0.00',6,28),(395,12,181,0,1,'0.00',13,28),(396,30,180,0,0,'0.00',7,28),(397,13,179,0,1,'0.00',25,28),(398,26,178,0,0,'0.00',28,28),(399,11,177,0,0,'0.00',14,28),(400,37,176,1,0,'0.00',2,28),(401,25,175,0,1,'0.00',14,28),(402,28,174,0,1,'0.00',2,28),(403,17,173,0,0,'0.00',14,28),(404,6,172,0,1,'0.00',7,28),(405,2,171,0,2,'0.00',14,28),(406,14,170,1,4,'85.00',7,28),(407,7,169,0,4,'125.00',21,28),(408,21,168,0,1,'215.00',NULL,28),(409,4,182,0,0,'0.00',35,29),(410,7,181,0,0,'0.00',12,29),(411,2,180,0,0,'0.00',20,29),(412,17,179,0,0,'0.00',20,29),(413,6,178,0,0,'0.00',21,29),(414,19,177,0,0,'0.00',28,29),(415,12,176,0,1,'0.00',25,29),(416,35,175,1,1,'0.00',21,29),(417,26,174,0,0,'0.00',13,29),(418,20,173,0,2,'0.00',13,29),(419,34,172,1,0,'0.00',21,29),(420,13,171,0,2,'0.00',21,29),(421,25,170,1,1,'75.00',21,29),(422,28,169,0,1,'110.00',21,29),(423,21,168,0,6,'190.00',NULL,29),(424,40,51,1,0,'0.00',37,30),(425,13,50,1,0,'0.00',28,30),(426,4,49,1,0,'0.00',28,30),(427,19,48,1,0,'0.00',26,30),(428,16,47,1,0,'0.00',7,30),(429,34,46,1,0,'0.00',28,30),(430,30,45,1,0,'0.00',31,30),(431,6,44,1,0,'0.00',7,30),(432,28,43,1,3,'0.00',26,30),(433,25,42,1,0,'0.00',26,30),(434,21,41,1,0,'0.00',14,30),(435,31,40,1,1,'0.00',26,30),(436,37,39,1,1,'0.00',7,30),(437,14,38,1,1,'80.00',7,30),(438,26,37,1,4,'120.00',7,30),(439,7,36,1,5,'200.00',NULL,30),(440,4,51,1,0,'0.00',13,31),(441,31,50,1,0,'0.00',13,31),(442,25,49,1,0,'0.00',6,31),(443,63,48,1,0,'0.00',21,31),(444,12,47,1,0,'0.00',21,31),(445,28,46,1,0,'0.00',21,31),(446,2,45,1,0,'0.00',21,31),(447,11,44,1,0,'0.00',19,31),(448,7,43,1,0,'0.00',14,31),(449,14,42,1,1,'0.00',13,31),(450,26,41,1,0,'0.00',37,31),(451,13,40,1,3,'0.00',19,31),(452,37,39,1,1,'0.00',21,31),(453,6,38,1,1,'80.00',19,31),(454,21,37,1,5,'120.00',19,31),(455,19,36,1,4,'200.00',NULL,31),(456,2,34,1,0,'0.00',14,32),(457,14,33,1,1,'0.00',7,32),(458,31,32,1,0,'0.00',7,32),(459,11,31,1,0,'0.00',12,32),(460,21,30,1,0,'0.00',12,32),(461,19,29,1,0,'0.00',17,32),(462,17,28,1,1,'0.00',12,32),(463,13,27,1,0,'0.00',7,32),(464,12,26,1,3,'0.00',7,32),(465,6,25,1,0,'60.00',7,32),(466,7,24,1,5,'90.00',4,32),(467,4,23,1,1,'150.00',NULL,32),(468,25,33,1,0,'0.00',4,33),(469,31,32,1,0,'0.00',4,33),(470,26,31,1,0,'0.00',28,33),(471,13,30,1,0,'0.00',2,33),(472,7,29,1,0,'0.00',4,33),(473,21,28,1,0,'0.00',28,33),(474,28,27,1,2,'0.00',4,33),(475,6,26,1,0,'0.00',4,33),(476,4,25,1,5,'55.00',34,33),(477,34,24,1,1,'80.00',2,33),(478,2,23,1,2,'140.00',NULL,33),(479,2,49,1,0,'0.00',13,34),(480,31,48,1,0,'0.00',26,34),(481,14,47,1,0,'0.00',17,34),(482,13,46,1,1,'0.00',28,34),(483,25,45,1,0,'0.00',4,34),(484,21,44,1,0,'0.00',17,34),(485,19,43,1,0,'0.00',26,34),(486,4,42,1,1,'0.00',17,34),(487,7,41,1,0,'0.00',17,34),(488,28,40,1,1,'0.00',17,34),(489,26,39,1,2,'0.00',53,34),(490,53,38,1,1,'70.00',17,34),(491,6,37,1,0,'105.00',17,34),(492,17,36,1,7,'175.00',NULL,34),(493,17,33,1,0,'0.00',21,35),(494,61,32,1,0,'0.00',4,35),(495,13,31,1,0,'0.00',4,35),(496,12,30,1,0,'0.00',21,35),(497,7,29,1,0,'0.00',2,35),(498,2,28,1,1,'0.00',4,35),(499,26,27,1,0,'0.00',4,35),(500,19,26,1,0,'0.00',6,35),(501,21,25,1,2,'55.00',4,35),(502,6,24,1,1,'80.00',4,35),(503,4,23,1,6,'140.00',NULL,35),(504,57,51,1,0,'0.00',17,36),(505,41,50,0,0,'0.00',13,36),(506,4,49,1,0,'0.00',7,36),(507,7,48,1,1,'0.00',28,36),(508,14,47,1,0,'0.00',2,36),(509,25,46,1,0,'0.00',13,36),(510,33,45,1,0,'0.00',28,36),(511,51,44,1,0,'0.00',6,36),(512,13,43,1,2,'0.00',2,36),(513,17,42,1,1,'0.00',6,36),(514,2,41,1,2,'0.00',19,36),(515,28,40,1,2,'0.00',18,36),(516,19,39,1,1,'0.00',21,36),(517,18,38,1,1,'80.00',21,36),(518,21,37,1,2,'120.00',6,36),(519,6,36,1,3,'200.00',NULL,36),(520,33,32,1,0,'0.00',6,37),(521,21,31,1,0,'0.00',6,37),(522,4,30,1,0,'0.00',2,37),(523,13,29,1,0,'0.00',51,37),(524,19,28,1,0,'0.00',7,37),(525,25,27,1,0,'0.00',51,37),(526,6,26,1,2,'0.00',7,37),(527,2,25,1,1,'50.00',51,37),(528,51,24,1,3,'75.00',7,37),(529,7,23,1,3,'125.00',NULL,37),(530,33,35,1,0,'0.00',37,38),(531,4,34,1,0,'0.00',25,38),(532,51,33,1,0,'0.00',37,38),(533,19,32,1,0,'0.00',28,38),(534,13,31,1,0,'0.00',25,38),(535,7,30,1,0,'0.00',17,38),(536,6,29,1,0,'0.00',25,38),(537,37,28,1,2,'0.00',25,38),(538,14,27,1,0,'0.00',25,38),(539,21,26,1,0,'0.00',25,38),(540,17,25,1,1,'65.00',25,38),(541,26,24,1,0,'95.00',25,38),(542,25,23,1,8,'165.00',NULL,38),(543,2,34,1,0,'0.00',21,39),(544,49,33,1,0,'0.00',17,39),(545,13,32,1,0,'0.00',4,39),(546,25,31,1,0,'0.00',33,39),(547,51,30,1,0,'0.00',17,39),(548,33,29,1,1,'0.00',4,39),(549,19,28,1,0,'0.00',26,39),(550,26,27,1,1,'0.00',17,39),(551,21,26,1,1,'0.00',4,39),(552,6,25,1,0,'60.00',17,39),(553,4,24,1,3,'90.00',17,39),(554,17,23,1,5,'150.00',NULL,39),(555,51,35,1,0,'0.00',28,40),(556,17,34,1,0,'0.00',7,40),(557,19,33,1,0,'0.00',28,40),(558,33,32,1,0,'0.00',28,40),(559,25,31,1,0,'0.00',13,40),(560,21,30,0,0,'0.00',13,40),(561,2,29,1,0,'0.00',13,40),(562,37,28,1,0,'0.00',7,40),(563,26,27,1,0,'0.00',49,40),(564,49,26,1,1,'0.00',28,40),(565,13,25,0,3,'65.00',7,40),(566,28,24,1,4,'95.00',7,40),(567,7,23,1,4,'165.00',NULL,40),(568,7,22,0,0,'0.00',49,41),(569,19,21,0,0,'0.00',51,41),(570,26,20,1,0,'0.00',33,41),(571,13,19,0,0,'0.00',21,41),(572,51,18,1,1,'0.00',49,41),(573,4,17,0,0,'0.00',21,41),(574,21,16,0,2,'45.00',49,41),(575,33,15,1,1,'65.00',49,41),(576,49,14,1,4,'115.00',NULL,41),(577,17,72,1,0,'0.00',25,42),(578,13,71,0,0,'0.00',30,42),(579,21,70,0,0,'0.00',51,42),(580,49,69,1,0,'0.00',51,42),(581,2,68,1,0,'0.00',26,42),(582,11,67,1,0,'0.00',51,42),(583,29,66,0,0,'0.00',14,42),(584,7,65,0,0,'0.00',4,42),(585,3,64,1,0,'0.00',33,42),(586,67,63,1,0,'0.00',19,42),(587,19,62,0,1,'0.00',51,42),(588,14,61,1,1,'0.00',6,42),(589,12,60,1,0,'0.00',4,42),(590,25,59,1,1,'0.00',4,42),(591,51,58,1,4,'0.00',30,42),(592,6,57,0,1,'0.00',4,42),(593,26,56,1,1,'0.00',4,42),(594,30,55,1,2,'100.00',4,42),(595,4,54,0,6,'150.00',33,42),(596,33,53,1,2,'250.00',NULL,42),(597,14,70,1,0,'0.00',4,43),(598,19,69,0,0,'0.00',5,43),(599,26,68,0,0,'0.00',49,43),(600,51,67,1,0,'0.00',28,43),(601,11,66,1,0,'0.00',7,43),(602,17,65,1,0,'0.00',4,43),(603,16,64,1,0,'0.00',4,43),(604,2,63,0,0,'0.00',7,43),(605,67,62,1,0,'0.00',7,43),(606,33,61,1,0,'0.00',4,43),(607,18,60,1,0,'0.00',4,43),(608,5,59,1,1,'0.00',4,43),(609,12,58,1,0,'0.00',7,43),(610,4,57,0,6,'0.00',7,43),(611,28,56,1,1,'0.00',7,43),(612,7,55,0,6,'90.00',49,43),(613,6,54,0,0,'135.00',49,43),(614,49,53,1,3,'225.00',NULL,43),(615,12,71,1,0,'0.00',5,44),(616,19,70,0,0,'0.00',49,44),(617,2,69,0,0,'0.00',21,44),(618,11,68,1,0,'0.00',7,44),(619,21,67,0,1,'0.00',5,44),(620,64,66,1,0,'0.00',4,44),(621,3,65,1,0,'0.00',51,44),(622,26,64,0,0,'0.00',51,44),(623,6,63,0,0,'0.00',5,44),(624,7,62,0,1,'0.00',5,44),(625,25,61,0,0,'0.00',5,44),(626,51,60,1,2,'0.00',13,44),(627,33,59,1,0,'0.00',5,44),(628,16,58,1,0,'0.00',13,44),(629,5,57,1,6,'0.00',13,44),(630,4,56,0,1,'0.00',49,44),(631,13,55,0,3,'95.00',17,44),(632,17,54,1,1,'140.00',49,44),(633,49,53,1,3,'240.00',NULL,44),(634,6,72,0,0,'0.00',64,45),(635,2,71,0,0,'0.00',51,45),(636,19,70,0,0,'0.00',5,45),(637,64,69,1,1,'0.00',8,45),(638,21,68,0,0,'0.00',4,45),(639,49,67,1,0,'0.00',12,45),(640,7,66,0,0,'0.00',12,45),(641,11,65,1,0,'0.00',35,45),(642,26,64,0,0,'0.00',25,45),(643,8,63,1,1,'0.00',12,45),(644,33,62,1,0,'0.00',4,45),(645,14,61,1,0,'0.00',4,45),(646,51,60,1,1,'0.00',12,45),(647,13,59,0,0,'0.00',25,45),(648,4,58,0,3,'0.00',5,45),(649,35,57,1,1,'0.00',5,45),(650,25,56,0,2,'0.00',12,45),(651,3,55,1,0,'100.00',12,45),(652,5,54,1,3,'150.00',12,45),(653,12,53,1,7,'250.00',NULL,45),(654,51,127,0,0,'0.00',17,46),(655,66,126,1,0,'0.00',50,46),(656,19,125,0,0,'0.00',50,46),(657,58,124,1,0,'0.00',55,46),(658,12,123,1,0,'0.00',5,46),(659,33,122,0,0,'0.00',50,46),(660,60,121,1,0,'0.00',21,46),(661,21,120,0,1,'0.00',13,46),(662,62,119,1,0,'0.00',56,46),(663,7,118,0,0,'0.00',54,46),(664,11,117,1,0,'0.00',5,46),(665,65,116,1,0,'0.00',49,46),(666,14,115,1,0,'0.00',50,46),(667,49,114,1,1,'0.00',6,46),(668,17,113,0,1,'0.00',56,46),(669,59,112,1,0,'0.00',50,46),(670,56,111,1,2,'0.00',55,46),(671,2,110,0,0,'0.00',54,46),(672,4,109,0,0,'0.00',50,46),(673,18,108,1,0,'0.00',6,46),(674,5,107,1,2,'0.00',13,46),(675,55,106,1,2,'0.00',13,46),(676,54,105,1,2,'0.00',6,46),(677,3,104,1,0,'0.00',50,46),(678,6,103,0,3,'135.00',13,46),(679,13,102,0,4,'200.00',50,46),(680,50,101,1,8,'340.00',NULL,46),(681,4,51,0,0,'0.00',3,47),(682,19,50,0,0,'0.00',26,47),(683,17,49,0,0,'0.00',5,47),(684,49,48,1,0,'0.00',13,47),(685,25,47,0,0,'0.00',5,47),(686,2,46,0,0,'0.00',52,47),(687,21,45,0,0,'0.00',13,47),(688,13,44,0,2,'0.00',52,47),(689,7,43,0,0,'0.00',52,47),(690,5,42,1,2,'0.00',52,47),(691,15,41,1,0,'0.00',6,47),(692,37,40,1,0,'0.00',52,47),(693,3,39,1,1,'0.00',6,47),(694,52,38,1,5,'80.00',6,47),(695,26,37,0,1,'120.00',6,47),(696,6,36,0,4,'200.00',NULL,47),(697,2,50,0,0,'0.00',4,48),(698,3,49,1,0,'0.00',17,48),(699,19,48,0,0,'0.00',49,48),(700,5,47,1,0,'0.00',7,48),(701,26,46,0,0,'0.00',49,48),(702,4,45,0,1,'0.00',15,48),(703,25,44,0,0,'0.00',6,48),(704,51,43,0,0,'0.00',7,48),(705,13,42,0,0,'0.00',6,48),(706,6,41,0,2,'0.00',17,48),(707,21,40,0,0,'0.00',17,48),(708,15,39,1,1,'0.00',17,48),(709,49,38,1,2,'75.00',17,48),(710,7,37,0,2,'110.00',17,48),(711,17,36,0,6,'190.00',NULL,48),(712,6,72,0,0,'0.00',13,49),(713,2,71,0,0,'0.00',19,49),(714,21,70,0,0,'0.00',5,49),(715,17,69,0,0,'0.00',13,49),(716,37,68,1,0,'0.00',4,49),(717,52,67,1,0,'0.00',13,49),(718,18,66,1,0,'0.00',13,49),(719,11,65,1,0,'0.00',51,49),(720,7,64,0,0,'0.00',3,49),(721,3,63,1,1,'0.00',13,49),(722,33,62,0,0,'0.00',13,49),(723,22,61,1,0,'0.00',15,49),(724,5,60,1,1,'0.00',26,49),(725,51,59,0,1,'0.00',4,49),(726,19,58,0,1,'0.00',12,49),(727,15,57,1,1,'0.00',4,49),(728,26,56,0,1,'0.00',4,49),(729,13,55,0,6,'100.00',12,49),(730,4,54,0,4,'150.00',12,49),(731,12,53,1,3,'250.00',NULL,49),(732,26,52,0,0,'0.00',7,50),(733,51,51,0,0,'0.00',11,50),(734,19,50,0,0,'0.00',4,50),(735,4,49,0,1,'0.00',13,50),(736,6,48,0,0,'0.00',12,50),(737,5,47,1,0,'0.00',18,50),(738,7,46,0,1,'0.00',21,50),(739,13,45,0,1,'0.00',11,50),(740,11,44,1,2,'0.00',18,50),(741,49,43,0,0,'0.00',22,50),(742,22,42,1,1,'0.00',21,50),(743,18,41,1,2,'0.00',21,50),(744,14,40,0,0,'0.00',21,50),(745,12,39,1,1,'0.00',21,50),(746,3,38,1,0,'85.00',21,50),(747,21,37,0,6,'125.00',15,50),(748,15,36,1,1,'215.00',NULL,50),(749,33,33,0,0,'0.00',13,51),(750,5,32,1,0,'0.00',7,51),(751,4,31,0,0,'0.00',11,51),(752,13,30,0,1,'0.00',11,51),(753,51,29,0,0,'0.00',21,51),(754,6,28,0,0,'0.00',21,51),(755,12,27,0,0,'0.00',21,51),(756,7,26,0,1,'0.00',8,51),(757,8,25,1,1,'55.00',11,51),(758,11,24,1,3,'80.00',21,51),(759,21,23,0,4,'140.00',NULL,51),(760,17,52,0,0,'0.00',33,52),(761,33,51,0,1,'0.00',49,52),(762,49,50,0,1,'0.00',24,52),(763,24,49,1,1,'0.00',4,52),(764,4,48,0,1,'0.00',19,52),(765,19,47,0,1,'0.00',6,52),(766,6,46,0,1,'0.00',12,52),(767,12,45,0,1,'0.00',5,52),(768,5,44,1,1,'0.00',21,52),(769,21,43,0,1,'0.00',51,52),(770,51,42,0,1,'0.00',7,52),(771,7,41,0,1,'0.00',15,52),(772,15,40,1,1,'0.00',11,52),(773,11,39,0,1,'0.00',8,52),(774,8,38,1,1,'85.00',3,52),(775,3,37,1,1,'125.00',13,52),(776,13,36,0,1,'215.00',NULL,52),(777,17,50,0,0,'0.00',52,53),(778,19,49,0,0,'0.00',4,53),(779,6,48,0,0,'0.00',2,53),(780,15,47,1,0,'0.00',52,53),(781,7,46,0,0,'0.00',52,53),(782,8,45,1,0,'0.00',3,53),(783,26,44,0,0,'0.00',25,53),(784,12,43,0,0,'0.00',4,53),(785,21,42,0,0,'0.00',52,53),(786,49,41,0,0,'0.00',4,53),(787,2,40,0,1,'0.00',4,53),(788,25,39,0,1,'0.00',52,53),(789,3,38,1,1,'75.00',52,53),(790,52,37,1,6,'110.00',4,53),(791,4,36,0,5,'190.00',NULL,53),(792,25,73,0,0,'0.00',52,54),(793,52,72,1,1,'0.00',8,54),(794,11,71,0,0,'0.00',49,54),(795,19,70,0,0,'0.00',23,54),(796,6,69,0,0,'0.00',24,54),(797,15,68,1,0,'0.00',23,54),(798,8,67,1,1,'0.00',13,54),(799,4,66,0,0,'0.00',49,54),(800,7,65,0,0,'0.00',56,54),(801,13,64,0,1,'0.00',2,54),(802,10,63,1,0,'0.00',2,54),(803,5,62,0,0,'0.00',21,54),(804,3,61,0,0,'0.00',12,54),(805,1,60,1,0,'0.00',24,54),(806,2,59,0,2,'0.00',23,54),(807,49,58,0,2,'0.00',24,54),(808,18,57,1,0,'0.00',21,54),(809,12,56,0,1,'0.00',24,54),(810,24,55,1,4,'105.00',23,54),(811,23,54,1,4,'155.00',21,54),(812,21,53,0,3,'265.00',NULL,54),(813,4,50,1,0,'0.00',13,55),(814,21,49,1,0,'0.00',35,55),(815,3,48,1,0,'0.00',35,55),(816,13,47,1,1,'0.00',5,55),(817,2,46,1,0,'0.00',22,55),(818,7,45,1,0,'0.00',6,55),(819,5,44,1,1,'0.00',22,55),(820,8,43,1,0,'0.00',24,55),(821,6,42,1,1,'0.00',35,55),(822,20,41,1,0,'0.00',23,55),(823,22,40,1,2,'0.00',23,55),(824,15,39,1,0,'0.00',23,55),(825,23,38,1,3,'75.00',35,55),(826,24,37,1,1,'110.00',35,55),(827,35,36,1,5,'190.00',NULL,55),(828,37,73,1,0,'0.00',69,56),(829,2,72,1,0,'0.00',5,56),(830,21,71,1,0,'0.00',69,56),(831,13,70,1,0,'0.00',25,56),(832,3,69,1,0,'0.00',7,56),(833,7,68,1,1,'0.00',69,56),(834,35,67,1,0,'0.00',69,56),(835,19,66,1,0,'0.00',5,56),(836,11,65,1,0,'0.00',26,56),(837,20,64,1,0,'0.00',4,56),(838,4,63,1,1,'0.00',24,56),(839,25,62,1,1,'0.00',26,56),(840,12,61,1,0,'0.00',6,56),(841,23,60,1,0,'0.00',69,56),(842,24,59,1,1,'0.00',26,56),(843,69,58,1,5,'0.00',26,56),(844,15,57,1,0,'0.00',26,56),(845,68,56,1,0,'0.00',5,56),(846,26,55,1,5,'105.00',5,56),(847,6,54,1,1,'155.00',5,56),(848,5,53,1,5,'265.00',NULL,56),(849,4,71,1,0,'0.00',69,57),(850,12,70,1,0,'0.00',24,57),(851,11,69,1,0,'0.00',21,57),(852,22,68,1,0,'0.00',24,57),(853,5,67,1,0,'0.00',24,57),(854,7,66,1,0,'0.00',35,57),(855,8,65,1,0,'0.00',2,57),(856,2,64,1,1,'0.00',25,57),(857,19,63,1,0,'0.00',21,57),(858,69,62,1,1,'0.00',20,57),(859,68,61,1,0,'0.00',20,57),(860,35,60,1,1,'0.00',20,57),(861,23,59,1,0,'0.00',20,57),(862,3,58,1,0,'0.00',20,57),(863,24,57,1,3,'0.00',25,57),(864,21,56,1,2,'0.00',25,57),(865,6,55,1,0,'95.00',25,57),(866,25,54,1,4,'140.00',20,57),(867,20,53,1,6,'240.00',NULL,57),(868,2,71,1,0,'0.00',4,58),(869,69,70,1,0,'0.00',17,58),(870,4,69,1,1,'0.00',22,58),(871,12,68,1,0,'0.00',7,58),(872,3,67,1,0,'0.00',7,58),(873,13,66,1,0,'0.00',17,58),(874,68,65,1,0,'0.00',5,58),(875,20,64,1,0,'0.00',24,58),(876,22,63,1,1,'0.00',7,58),(877,26,62,1,0,'0.00',15,58),(878,21,61,1,0,'0.00',19,58),(879,24,60,1,1,'0.00',7,58),(880,8,59,1,0,'0.00',19,58),(881,6,58,1,0,'0.00',7,58),(882,5,57,1,1,'0.00',15,58),(883,17,56,1,2,'0.00',19,58),(884,15,55,1,2,'95.00',19,58),(885,7,54,1,5,'140.00',19,58),(886,19,53,1,5,'240.00',NULL,58),(887,25,52,1,0,'0.00',7,59),(888,69,51,1,0,'0.00',11,59),(889,2,50,1,0,'0.00',11,59),(890,13,49,1,0,'0.00',7,59),(891,18,48,1,0,'0.00',20,59),(892,5,47,1,0,'0.00',23,59),(893,12,46,1,0,'0.00',20,59),(894,17,45,1,0,'0.00',23,59),(895,8,44,1,0,'0.00',7,59),(896,3,43,1,0,'0.00',7,59),(897,20,42,1,2,'0.00',24,59),(898,24,41,1,1,'0.00',19,59),(899,19,40,1,1,'0.00',11,59),(900,15,39,1,0,'0.00',23,59),(901,7,38,1,4,'85.00',11,59),(902,11,37,1,4,'125.00',23,59),(903,23,36,1,4,'215.00',NULL,59),(904,13,49,1,0,'0.00',69,60),(905,23,48,1,0,'0.00',19,60),(906,25,47,1,0,'0.00',69,60),(907,15,46,1,0,'0.00',7,60),(908,70,45,1,0,'0.00',8,60),(909,69,44,1,2,'0.00',5,60),(910,8,43,1,1,'0.00',19,60),(911,20,42,1,0,'0.00',19,60),(912,5,41,1,1,'0.00',19,60),(913,21,40,1,0,'0.00',7,60),(914,3,39,1,0,'0.00',19,60),(915,7,38,1,2,'70.00',19,60),(916,19,37,1,6,'105.00',24,60),(917,24,36,1,1,'175.00',NULL,60),(918,19,98,1,0,'0.00',69,61),(919,18,97,1,0,'0.00',13,61),(920,1,96,1,0,'0.00',4,61),(921,6,95,1,0,'0.00',26,61),(922,4,94,1,1,'0.00',3,61),(923,71,93,1,0,'0.00',26,61),(924,5,92,0,0,'0.00',23,61),(925,65,91,1,0,'0.00',69,61),(926,2,90,1,0,'0.00',69,61),(927,3,89,0,1,'0.00',13,61),(928,25,88,1,0,'0.00',69,61),(929,16,87,1,0,'0.00',26,61),(930,7,86,1,0,'0.00',35,61),(931,15,85,1,0,'0.00',69,61),(932,26,84,1,3,'0.00',69,61),(933,23,83,1,1,'0.00',8,61),(934,20,82,1,0,'0.00',13,61),(935,8,81,1,1,'0.00',69,61),(936,13,80,1,3,'0.00',69,61),(937,14,79,1,0,'0.00',69,61),(938,24,78,1,0,'0.00',69,61),(939,35,77,1,1,'120.00',69,61),(940,12,76,1,0,'180.00',69,61),(941,69,75,1,12,'300.00',NULL,61),(942,4,34,1,0,'0.00',69,62),(943,22,33,1,0,'0.00',69,62),(944,12,32,1,0,'0.00',3,62),(945,2,31,0,0,'0.00',20,62),(946,20,30,1,1,'0.00',69,62),(947,19,29,1,0,'0.00',7,62),(948,5,28,0,0,'0.00',3,62),(949,69,27,1,3,'0.00',3,62),(950,7,26,0,1,'0.00',3,62),(951,21,25,1,0,'60.00',8,62),(952,3,24,0,4,'90.00',8,62),(953,8,23,0,2,'150.00',NULL,62),(954,69,33,1,0,'0.00',35,63),(955,18,32,1,0,'0.00',35,63),(956,5,31,0,0,'0.00',2,63),(957,15,30,1,0,'0.00',2,63),(958,24,29,1,0,'0.00',20,63),(959,35,28,1,2,'0.00',13,63),(960,3,27,0,0,'0.00',13,63),(961,20,26,0,1,'0.00',8,63),(962,13,25,1,2,'55.00',2,63),(963,8,24,0,1,'80.00',2,63),(964,2,23,0,4,'140.00',NULL,63),(965,6,35,1,0,'0.00',25,65),(966,2,34,0,0,'0.00',68,65),(967,15,33,0,0,'0.00',20,65),(968,3,32,0,0,'0.00',68,65),(969,25,31,1,1,'0.00',23,65),(970,8,30,0,0,'0.00',69,65),(971,5,29,0,0,'0.00',23,65),(972,68,28,1,2,'0.00',69,65),(973,13,27,0,0,'0.00',69,65),(974,20,26,0,1,'0.00',69,65),(975,69,25,1,4,'65.00',23,65),(976,24,24,0,0,'95.00',23,65),(977,23,23,1,4,'165.00',NULL,65),(978,2,50,0,0,'0.00',11,66),(979,17,49,1,0,'0.00',15,66),(980,12,48,0,0,'0.00',19,66),(981,13,47,0,0,'0.00',11,66),(982,8,46,0,0,'0.00',11,66),(983,15,45,0,1,'0.00',19,66),(984,11,44,1,3,'0.00',23,66),(985,69,43,1,0,'0.00',20,66),(986,20,42,0,1,'0.00',23,66),(987,24,41,0,0,'0.00',23,66),(988,4,40,0,0,'0.00',5,66),(989,5,39,0,1,'0.00',19,66),(990,35,38,1,0,'75.00',23,66),(991,19,37,1,3,'110.00',23,66),(992,23,36,1,5,'190.00',NULL,66),(993,5,32,0,0,'0.00',25,67),(994,11,31,1,0,'0.00',8,67),(995,25,30,1,1,'0.00',69,67),(996,12,29,0,0,'0.00',69,67),(997,3,28,0,0,'0.00',8,67),(998,23,27,0,0,'0.00',69,67),(999,72,26,1,0,'0.00',8,67),(1000,69,25,0,3,'50.00',24,67),(1001,8,24,0,3,'75.00',24,67),(1002,24,23,0,2,'125.00',NULL,67),(1003,8,34,0,0,'0.00',24,68),(1004,11,33,1,0,'0.00',14,68),(1005,69,32,0,0,'0.00',20,68),(1006,19,31,1,0,'0.00',20,68),(1007,4,30,0,0,'0.00',12,68),(1008,7,29,0,0,'0.00',12,68),(1009,12,28,0,2,'0.00',14,68),(1010,20,27,0,2,'0.00',24,68),(1011,3,26,0,0,'0.00',23,68),(1012,14,25,1,2,'60.00',24,68),(1013,23,24,0,1,'90.00',24,68),(1014,24,23,0,4,'150.00',NULL,68),(1015,25,51,1,0,'0.00',24,69),(1016,8,50,0,0,'0.00',5,69),(1017,69,49,0,0,'0.00',21,69),(1018,20,48,0,0,'0.00',35,69),(1019,12,47,0,0,'0.00',7,69),(1020,72,46,1,0,'0.00',7,69),(1021,3,45,0,0,'0.00',19,69),(1022,5,44,0,1,'0.00',7,69),(1023,11,43,0,0,'0.00',19,69),(1024,35,42,1,1,'0.00',24,69),(1025,21,41,1,1,'0.00',19,69),(1026,22,40,1,0,'0.00',19,69),(1027,23,39,0,0,'0.00',19,69),(1028,7,38,0,3,'80.00',24,69),(1029,19,37,0,5,'120.00',24,69),(1030,24,36,0,4,'200.00',NULL,69),(1031,25,73,1,0,'0.00',14,70),(1032,19,72,0,0,'0.00',14,70),(1033,16,71,1,0,'0.00',21,70),(1034,7,70,0,0,'0.00',5,70),(1035,8,69,0,0,'0.00',69,70),(1036,13,68,0,0,'0.00',21,70),(1037,14,67,1,2,'0.00',22,70),(1038,15,66,0,0,'0.00',22,70),(1039,12,65,0,0,'0.00',24,70),(1040,18,64,1,0,'0.00',69,70),(1041,69,63,0,2,'0.00',21,70),(1042,3,62,0,0,'0.00',22,70),(1043,35,61,1,0,'0.00',11,70),(1044,5,60,0,1,'0.00',24,70),(1045,23,59,0,0,'0.00',22,70),(1046,72,58,1,0,'0.00',11,70),(1047,20,57,0,0,'0.00',22,70),(1048,21,56,1,3,'0.00',24,70),(1049,24,55,0,3,'105.00',22,70),(1050,11,54,0,2,'155.00',22,70),(1051,22,53,1,7,'265.00',NULL,70),(1052,8,13,0,0,'0.00',3,71),(1053,69,12,0,0,'0.00',12,71),(1054,24,11,0,0,'0.00',12,71),(1055,23,10,0,0,'0.00',12,71),(1056,11,9,0,0,'0.00',12,71),(1057,3,8,0,1,'40.00',12,71),(1058,19,7,0,0,'60.00',12,71),(1059,12,6,0,6,'100.00',NULL,71),(1060,73,50,1,0,'0.00',3,72),(1061,12,49,0,0,'0.00',23,72),(1062,75,48,1,0,'0.00',74,72),(1063,8,47,0,0,'0.00',72,72),(1064,11,46,0,0,'0.00',3,72),(1065,6,45,0,0,'0.00',72,72),(1066,24,44,0,0,'0.00',16,72),(1067,20,43,0,0,'0.00',72,72),(1068,69,42,0,0,'0.00',72,72),(1069,2,41,0,0,'0.00',72,72),(1070,74,40,1,1,'0.00',72,72),(1071,23,39,0,1,'0.00',3,72),(1072,16,38,1,1,'75.00',72,72),(1073,3,37,0,3,'110.00',72,72),(1074,72,36,1,8,'190.00',NULL,72),(1075,5,50,0,0,'0.00',35,73),(1076,11,49,0,0,'0.00',22,73),(1077,72,48,1,0,'0.00',19,73),(1078,12,47,0,0,'0.00',7,73),(1079,3,46,0,0,'0.00',24,73),(1080,69,45,0,0,'0.00',7,73),(1081,8,44,0,0,'0.00',7,73),(1082,23,43,0,0,'0.00',22,73),(1083,21,42,1,0,'0.00',35,73),(1084,22,41,1,2,'0.00',35,73),(1085,24,40,0,1,'0.00',19,73),(1086,20,39,0,0,'0.00',35,73),(1087,7,38,0,3,'75.00',19,73),(1088,35,37,1,4,'110.00',19,73),(1089,19,36,0,4,'190.00',NULL,73),(1090,16,71,1,0,'0.00',69,74),(1091,24,70,0,0,'0.00',12,74),(1092,7,69,0,0,'0.00',8,74),(1093,5,68,0,0,'0.00',72,74),(1094,67,67,1,0,'0.00',8,74),(1095,35,66,1,0,'0.00',13,74),(1096,20,65,0,0,'0.00',2,74),(1097,15,64,0,0,'0.00',8,74),(1098,8,63,0,3,'0.00',23,74),(1099,14,62,1,0,'0.00',2,74),(1100,19,61,0,0,'0.00',12,74),(1101,13,60,0,1,'0.00',12,74),(1102,11,59,0,0,'0.00',2,74),(1103,69,58,0,1,'0.00',72,74),(1104,23,57,0,1,'0.00',12,74),(1105,2,56,0,3,'0.00',12,74),(1106,12,55,0,5,'95.00',72,74),(1107,72,54,1,3,'140.00',21,74),(1108,21,53,0,1,'240.00',NULL,74),(1109,5,35,0,0,'0.00',2,75),(1110,72,34,1,0,'0.00',2,75),(1111,7,33,0,0,'0.00',12,75),(1112,69,32,0,0,'0.00',12,75),(1113,23,31,0,0,'0.00',12,75),(1114,6,30,0,0,'0.00',11,75),(1115,3,29,0,0,'0.00',2,75),(1116,19,28,0,0,'0.00',11,75),(1117,20,27,0,0,'0.00',11,75),(1118,12,26,0,3,'0.00',2,75),(1119,24,25,0,0,'65.00',11,75),(1120,2,24,0,4,'95.00',11,75),(1121,11,23,0,5,'165.00',NULL,75),(1122,5,49,0,0,'0.00',14,76),(1123,12,48,0,0,'0.00',19,76),(1124,3,47,0,0,'0.00',19,76),(1125,76,46,1,0,'0.00',11,76),(1126,69,45,0,0,'0.00',14,76),(1127,22,44,1,0,'0.00',11,76),(1128,7,43,0,0,'0.00',21,76),(1129,24,42,0,0,'0.00',20,76),(1130,23,41,0,0,'0.00',14,76),(1131,19,40,0,2,'0.00',14,76),(1132,11,39,0,2,'0.00',20,76),(1133,21,38,0,1,'70.00',14,76),(1134,20,37,0,2,'105.00',14,76),(1135,14,36,1,6,'175.00',NULL,76),(1136,19,299,1,0,'0.00',23,77),(1137,3,298,1,0,'0.00',69,77),(1138,21,297,1,0,'0.00',23,77),(1139,24,296,1,0,'0.00',5,77),(1140,11,295,1,0,'0.00',5,77),(1141,69,294,1,1,'0.00',7,77),(1142,20,293,1,0,'0.00',5,77),(1143,7,292,1,1,'0.00',5,77),(1144,14,291,1,0,'0.00',76,77),(1145,23,290,1,2,'0.00',76,77),(1146,12,289,1,0,'65.00',76,77),(1147,76,288,1,3,'95.00',5,77),(1148,5,287,1,5,'165.00',NULL,77),(1149,8,276,1,0,'0.00',69,78),(1150,11,275,1,0,'0.00',69,78),(1151,20,274,1,0,'0.00',12,78),(1152,21,273,1,0,'0.00',69,78),(1153,19,272,1,0,'35.00',69,78),(1154,69,271,1,4,'50.00',12,78),(1155,12,270,1,2,'90.00',NULL,78),(1156,20,277,1,0,'0.00',69,79),(1157,2,276,1,0,'0.00',69,79),(1158,8,275,1,0,'0.00',12,79),(1159,69,274,1,2,'0.00',11,79),(1160,3,273,1,0,'0.00',12,79),(1161,11,272,1,1,'40.00',6,79),(1162,6,271,1,1,'60.00',12,79),(1163,12,270,1,3,'100.00',NULL,79),(1164,69,297,1,0,'0.00',7,80),(1165,14,296,1,0,'0.00',19,80),(1166,11,295,1,0,'0.00',7,80),(1167,72,294,1,0,'0.00',12,80),(1168,12,293,1,1,'0.00',24,80),(1169,5,292,1,0,'0.00',21,80),(1170,20,291,1,0,'0.00',7,80),(1171,24,290,1,1,'0.00',21,80),(1172,19,289,1,1,'55.00',7,80),(1173,21,288,1,2,'80.00',7,80),(1174,7,287,1,5,'140.00',NULL,80),(1175,69,276,1,0,'0.00',72,81),(1176,24,275,1,0,'0.00',20,81),(1177,11,274,1,0,'0.00',72,81),(1178,20,273,1,1,'0.00',12,81),(1179,72,272,1,2,'35.00',12,81),(1180,3,271,1,0,'50.00',12,81),(1181,12,270,1,3,'90.00',NULL,81),(1182,2,299,1,0,'0.00',7,82),(1183,19,298,1,0,'0.00',5,82),(1184,49,297,1,0,'0.00',11,82),(1185,69,296,1,0,'0.00',7,82),(1186,3,295,1,0,'0.00',15,82),(1187,6,294,1,0,'0.00',11,82),(1188,13,293,1,0,'0.00',12,82),(1189,15,292,1,1,'0.00',7,82),(1190,20,291,1,0,'0.00',5,82),(1191,11,290,1,2,'0.00',12,82),(1192,5,289,1,2,'65.00',12,82),(1193,7,288,1,3,'95.00',12,82),(1194,12,287,1,4,'165.00',NULL,82),(1195,7,298,1,0,'0.00',24,83),(1196,11,297,1,0,'0.00',12,83),(1197,69,296,1,0,'0.00',19,83),(1198,3,295,1,0,'0.00',23,83),(1199,14,294,1,0,'0.00',23,83),(1200,67,293,1,0,'0.00',21,83),(1201,19,292,1,1,'0.00',23,83),(1202,5,291,1,0,'0.00',12,83),(1203,24,290,1,1,'0.00',23,83),(1204,23,289,1,4,'60.00',12,83),(1205,12,288,1,3,'90.00',21,83),(1206,21,287,1,2,'150.00',NULL,83),(1207,5,299,1,0,'0.00',12,84),(1208,13,298,1,0,'0.00',19,84),(1209,72,297,1,0,'0.00',21,84),(1210,17,296,1,0,'0.00',7,84),(1211,12,295,1,1,'0.00',15,84),(1212,3,294,1,0,'0.00',11,84),(1213,25,293,1,0,'0.00',21,84),(1214,19,292,1,1,'0.00',7,84),(1215,20,291,1,0,'0.00',21,84),(1216,11,290,1,1,'0.00',7,84),(1217,21,289,1,3,'65.00',15,84),(1218,15,288,1,2,'95.00',7,84),(1219,7,287,1,4,'165.00',NULL,84),(1220,11,277,1,0,'0.00',24,85),(1221,12,276,1,0,'0.00',20,85),(1222,69,275,1,0,'0.00',5,85),(1223,67,274,1,0,'0.00',24,85),(1224,5,273,1,1,'0.00',14,85),(1225,14,272,1,1,'40.00',24,85),(1226,20,271,1,1,'60.00',24,85),(1227,24,270,1,4,'100.00',NULL,85),(1228,5,286,1,0,'0.00',19,86),(1229,69,285,1,0,'0.00',19,86),(1230,19,284,1,2,'0.00',72,86),(1231,7,283,1,0,'0.00',4,86),(1232,24,282,1,0,'0.00',20,86),(1233,21,281,1,0,'0.00',72,86),(1234,4,280,1,1,'45.00',20,86),(1235,20,279,1,2,'65.00',72,86),(1236,72,278,1,3,'115.00',NULL,86),(1237,72,269,1,0,'0.00',20,87),(1238,24,268,1,0,'0.00',5,87),(1239,3,267,1,0,'25.00',5,87),(1240,20,266,1,1,'35.00',5,87),(1241,5,265,1,3,'65.00',NULL,87),(1242,5,276,1,0,'0.00',7,88),(1243,23,275,1,0,'0.00',24,88),(1244,24,274,1,1,'0.00',7,88),(1245,3,273,1,0,'0.00',7,88),(1246,25,272,1,0,'35.00',7,88),(1247,20,271,0,0,'50.00',7,88),(1248,7,270,1,5,'90.00',NULL,88),(1249,3,276,1,0,'0.00',20,89),(1250,24,275,1,0,'0.00',19,89),(1251,5,274,1,0,'0.00',7,89),(1252,25,273,1,0,'0.00',7,89),(1253,19,272,1,1,'35.00',20,89),(1254,20,271,0,2,'50.00',7,89),(1255,7,270,1,3,'90.00',NULL,89),(1256,24,298,1,0,'0.00',5,90),(1257,7,297,1,0,'0.00',25,90),(1258,21,296,1,0,'0.00',5,90),(1259,19,295,1,0,'0.00',3,90),(1260,23,294,1,0,'0.00',20,90),(1261,5,293,0,2,'0.00',8,90),(1262,15,292,1,0,'0.00',8,90),(1263,25,291,1,2,'0.00',13,90),(1264,8,290,1,1,'0.00',13,90),(1265,3,289,1,1,'60.00',20,90),(1266,20,288,0,2,'90.00',13,90),(1267,13,287,1,3,'150.00',NULL,90);
/*!40000 ALTER TABLE `results` ENABLE KEYS */;
UNLOCK TABLES;

--
-- Table structure for table `schema_info`
--

DROP TABLE IF EXISTS `schema_info`;
/*!40101 SET @saved_cs_client     = @@character_set_client */;
/*!40101 SET character_set_client = utf8 */;
CREATE TABLE `schema_info` (
  `version` int(11) DEFAULT NULL
) ENGINE=MyISAM DEFAULT CHARSET=latin1;
/*!40101 SET character_set_client = @saved_cs_client */;

--
-- Dumping data for table `schema_info`
--

LOCK TABLES `schema_info` WRITE;
/*!40000 ALTER TABLE `schema_info` DISABLE KEYS */;
INSERT INTO `schema_info` VALUES (20);
/*!40000 ALTER TABLE `schema_info` ENABLE KEYS */;
UNLOCK TABLES;

--
-- Table structure for table `series`
--

DROP TABLE IF EXISTS `series`;
/*!40101 SET @saved_cs_client     = @@character_set_client */;
/*!40101 SET character_set_client = utf8 */;
CREATE TABLE `series` (
  `id` int(11) NOT NULL AUTO_INCREMENT,
  `name` varchar(255) DEFAULT NULL,
  `is_complete` tinyint(1) DEFAULT '0',
  `start_date` datetime NOT NULL,
  PRIMARY KEY (`id`)
) ENGINE=InnoDB AUTO_INCREMENT=5 DEFAULT CHARSET=latin1;
/*!40101 SET character_set_client = @saved_cs_client */;

--
-- Dumping data for table `series`
--

LOCK TABLES `series` WRITE;
/*!40000 ALTER TABLE `series` DISABLE KEYS */;
INSERT INTO `series` VALUES (1,'Season 1',1,'2007-07-18 00:00:00'),(2,'Season 2',1,'2008-02-06 00:00:00'),(3,'Season 3',1,'2008-07-30 00:00:00'),(4,'Season 4',0,'2009-02-11 00:00:00');
/*!40000 ALTER TABLE `series` ENABLE KEYS */;
UNLOCK TABLES;

--
-- Table structure for table `tournaments`
--

DROP TABLE IF EXISTS `tournaments`;
/*!40101 SET @saved_cs_client     = @@character_set_client */;
/*!40101 SET character_set_client = utf8 */;
CREATE TABLE `tournaments` (
  `id` int(11) NOT NULL AUTO_INCREMENT,
  `tournament_date` datetime DEFAULT NULL,
  `series_id` int(11) DEFAULT NULL,
  `num_entrants` int(11) DEFAULT NULL,
  `payout_structure_id` int(11) DEFAULT NULL,
  PRIMARY KEY (`id`)
) ENGINE=InnoDB AUTO_INCREMENT=91 DEFAULT CHARSET=latin1;
/*!40101 SET character_set_client = @saved_cs_client */;

--
-- Dumping data for table `tournaments`
--

LOCK TABLES `tournaments` WRITE;
/*!40000 ALTER TABLE `tournaments` DISABLE KEYS */;
INSERT INTO `tournaments` VALUES (1,'2008-07-30 00:00:00',3,12,4),(2,'2008-08-06 00:00:00',3,17,5),(3,'2008-08-13 00:00:00',3,16,5),(4,'2008-08-20 00:00:00',3,15,5),(5,'2007-07-18 00:00:00',1,13,12),(6,'2007-07-25 00:00:00',1,15,13),(7,'2007-08-01 00:00:00',1,16,13),(8,'2007-08-08 00:00:00',1,16,13),(9,'2007-08-15 00:00:00',1,15,13),(10,'2007-08-22 00:00:00',1,22,14),(11,'2007-08-29 00:00:00',1,9,11),(12,'2007-09-05 00:00:00',1,12,12),(13,'2007-09-12 00:00:00',1,11,12),(14,'2007-09-19 00:00:00',1,13,12),(15,'2007-09-26 00:00:00',1,16,13),(16,'2007-10-03 00:00:00',1,16,13),(17,'2007-10-10 00:00:00',1,11,12),(18,'2007-10-17 00:00:00',1,16,13),(19,'2007-10-24 00:00:00',1,10,12),(20,'2007-11-07 00:00:00',1,15,13),(21,'2007-11-14 00:00:00',1,18,14),(22,'2007-11-28 00:00:00',1,17,13),(23,'2007-12-05 00:00:00',1,14,13),(24,'2007-12-12 00:00:00',1,15,13),(25,'2007-12-19 00:00:00',1,14,13),(26,'2008-01-02 00:00:00',1,10,12),(27,'2008-01-09 00:00:00',1,17,13),(28,'2008-01-16 00:00:00',1,17,13),(29,'2008-01-23 00:00:00',1,15,13),(30,'2008-02-06 00:00:00',2,16,5),(31,'2008-02-13 00:00:00',2,16,5),(32,'2008-02-20 00:00:00',2,12,4),(33,'2008-02-27 00:00:00',2,11,4),(34,'2008-03-05 00:00:00',2,14,5),(35,'2008-03-12 00:00:00',2,11,4),(36,'2008-03-19 00:00:00',2,16,5),(37,'2008-03-26 00:00:00',2,10,4),(38,'2008-04-02 00:00:00',2,13,4),(39,'2008-04-09 00:00:00',2,12,4),(40,'2008-04-16 00:00:00',2,13,4),(41,'2008-04-23 00:00:00',2,9,3),(42,'2008-04-30 00:00:00',2,20,6),(43,'2008-05-07 00:00:00',2,18,6),(44,'2008-05-14 00:00:00',2,19,6),(45,'2008-05-21 00:00:00',2,20,6),(46,'2008-05-28 00:00:00',2,27,8),(47,'2008-06-04 00:00:00',2,16,5),(48,'2008-06-11 00:00:00',2,15,5),(49,'2008-06-18 00:00:00',2,20,6),(50,'2008-06-25 00:00:00',2,17,5),(51,'2008-07-02 00:00:00',2,11,4),(52,'2008-07-09 00:00:00',2,17,5),(53,'2008-07-16 00:00:00',2,15,5),(54,'2008-07-23 00:00:00',2,21,6),(55,'2008-08-27 00:00:00',3,15,5),(56,'2008-09-03 00:00:00',3,21,6),(57,'2008-09-10 00:00:00',3,19,6),(58,'2008-09-17 00:00:00',3,19,6),(59,'2008-09-24 00:00:00',3,17,5),(60,'2008-10-01 00:00:00',3,14,5),(61,'2008-10-08 00:00:00',3,24,7),(62,'2008-10-15 00:00:00',3,12,4),(63,'2008-10-22 00:00:00',3,11,4),(65,'2008-10-29 00:00:00',3,13,4),(66,'2008-11-05 00:00:00',3,15,5),(67,'2008-11-12 00:00:00',3,10,4),(68,'2008-11-19 00:00:00',3,12,4),(69,'2008-12-03 00:00:00',3,16,5),(70,'2008-12-10 00:00:00',3,21,6),(71,'2008-12-17 00:00:00',3,8,2),(72,'2009-01-07 00:00:00',3,15,5),(73,'2009-01-14 00:00:00',3,15,5),(74,'2009-01-21 00:00:00',3,19,6),(75,'2009-01-28 00:00:00',3,13,4),(76,'2009-02-04 00:00:00',3,14,5),(77,'2009-02-11 00:00:00',4,13,20),(78,'2009-02-18 00:00:00',4,7,18),(79,'2009-02-25 00:00:00',4,8,18),(80,'2009-03-04 00:00:00',4,11,20),(81,'2009-03-11 00:00:00',4,7,18),(82,'2009-03-18 00:00:00',4,13,20),(83,'2009-03-25 00:00:00',4,12,20),(84,'2009-04-01 00:00:00',4,13,20),(85,'2009-04-08 00:00:00',4,8,18),(86,'2009-04-15 00:00:00',4,9,19),(87,'2009-05-13 00:00:00',4,5,17),(88,'2009-05-20 00:00:00',4,7,18),(89,'2009-05-27 00:00:00',4,7,18),(90,'2009-06-03 00:00:00',4,12,20);
/*!40000 ALTER TABLE `tournaments` ENABLE KEYS */;
UNLOCK TABLES;
/*!40103 SET TIME_ZONE=@OLD_TIME_ZONE */;

/*!40101 SET SQL_MODE=@OLD_SQL_MODE */;
/*!40014 SET FOREIGN_KEY_CHECKS=@OLD_FOREIGN_KEY_CHECKS */;
/*!40014 SET UNIQUE_CHECKS=@OLD_UNIQUE_CHECKS */;
/*!40101 SET CHARACTER_SET_CLIENT=@OLD_CHARACTER_SET_CLIENT */;
/*!40101 SET CHARACTER_SET_RESULTS=@OLD_CHARACTER_SET_RESULTS */;
/*!40101 SET COLLATION_CONNECTION=@OLD_COLLATION_CONNECTION */;
/*!40111 SET SQL_NOTES=@OLD_SQL_NOTES */;

-- Dump completed on 2013-02-13  5:31:54
